,Пример заполнения таблицы: https://docs.google.com/spreadsheets/d/1QFB43_fKhlx6u7UZltND15B_o4WQK20SJV1fioVPwjM/edit?pli=1&gid=0#gid=0,,,,,,,,,
,Отопление ,,,Холодное водоснобжение ,Горячее водоснабжение ,,ТКО,,,
ОУСР,Норматив энергия,Норматив с площади,Отопление электроэнергией,Норматив метр куб,Норматив метр куб,Норматив энергия при 2х компонентной воде,с человека,с площади,куб. метры,
Окружное управление социального развития №1,"Постановление администрации городского округа Балашиха МО от 30.11.2009 N 952/1-ПА(ред. от 30.11.2010)
""Об установлении тарифов и размера платы за жилищно-коммунальные услуги в городском округе Балашиха""
               
1. Отопление                                                                     
1.1. Жилые дома до 1958 года постройки             0,0165         Гкал/ кв. м      
1.2. Жилые дома после 1958 года постройки с наружным строительным объемом здания   до 14000 куб. м включительно                0,0146         Гкал/ кв. м      
1.3. Жилые дома после 1958 года постройки с наружным строительным объемом здания  от 14000 куб. м до 35000 куб. м включительно              0,0149         Гкал/ кв. м      
1.4. Жилые дома после 1958 года постройки с наружным строительным объемом здания свыше 35000 куб. м           0,0133         Гкал/ кв. м      
1.5. Жилые дома с общими душевыми, с душами при всех комнатах, с общими кухнями и блоками душевых на этажах при жилых комнатах в каждой секции и местами общего пользования свыше 20 процентов от общей площади здания          0,0204         Гкал/ кв. м 


Постановление главы города Реутов Московской области от 27.11.2009 №578-П «Об установлении размера платы за жилое помещение и коммунальные услуги на 2010 год»                
Отопление        0,016         Гкал/ кв. м общей площади
    
","Закон Московской области от 22.10.2009 N 120/2009-ОЗ (ред. от 04.07.2024) ""О стандарте нормативной площади жилого помещения для предоставления субсидий и оказания мер социальной поддержки отдельным категориям граждан по оплате жилого помещения и коммунальных услуг на территории Московской области"" (принят постановлением Мособлдумы от 15.10.2009 N 3/92-П)

Для одиноко проживающих граждан размер стандарта в размере 
42 кв. метров общей площади жилого помещения,
21 кв. метра - на каждого члена семьи, состоящей из двух человек,
18 кв. метров - на каждого члена семьи, состоящей из трех и более человек, 
но не более фактического размера занимаемой ими общей площади жилого помещения.",Нет НПА,"Распоряжение Министерства жилищно-коммунального хозяйства Московской области от 20.10.2020 № 386-РВ ""Об утверждении нормативов потребления коммунальных услуг по холодному (горячему) водоснабжению, водоотведению в жилых помещениях на территории Московской области""
1        Многоквартирные и жилые дома с централизованным холодным и горячим водоснабжением, водоотведением, оборудованные унитазами, раковинами, мойками, ваннами сидячими длиной 1200 мм с душем        4,24
2        Многоквартирные и жилые дома с централизованным холодным и горячим водоснабжением, водоотведением, оборудованные унитазами, раковинами, мойками, ваннами длиной 1500-1550 мм с душем        4,29
3        Многоквартирные и жилые дома с централизованным холодным и горячим водоснабжением, водоотведением, оборудованные унитазами, раковинами, мойками, ваннами длиной 1650-1700 мм с душем        4,33
4        Многоквартирные и жилые дома с централизованным холодным и горячим водоснабжением, водоотведением, оборудованные унитазами, раковинами, мойками, ваннами без душа        3,02
5        Многоквартирные и жилые дома с централизованным холодным и горячим водоснабжением, водоотведением, оборудованные унитазами, раковинами, мойками, душем        3,79
6        Многоквартирные и жилые дома с централизованным холодным водоснабжением, водонагревателями, водоотведением, оборудованные унитазами, раковинами, мойками, душами и ваннами сидячими длиной 1200 мм с душем        7,36
7        Многоквартирные и жилые дома с централизованным холодным водоснабжением, водонагревателями, водоотведением, оборудованные унитазами, раковинами, мойками, душами и ваннами длиной 1500-1550 мм с душем        7,46
8        Многоквартирные и жилые дома с централизованным холодным водоснабжением, водонагревателями, водоотведением, оборудованные унитазами, раковинами, мойками, душами и ваннами длиной 1650-1700 мм с душем        7,56
9        Многоквартирные и жилые дома с централизованным холодным водоснабжением, водонагревателями, водоотведением, оборудованные унитазами, раковинами, мойками, душами и ваннами без душа        7,16
10        Многоквартирные и жилые дома с централизованным холодным водоснабжением, водонагревателями, водоотведением, оборудованные унитазами, раковинами, мойками, душами        6,36
11        Многоквартирные и жилые дома без водонагревателей с водопроводом и канализацией, оборудованные раковинами, мойками и унитазами        3,86
12        Многоквартирные и жилые дома без водонагревателей с централизованным холодным водоснабжением и водоотведением, оборудованные раковинами и мойками        3,15
13.1        Многоквартирные и жилые дома с централизованным холодным водоснабжением, без централизованного водоотведения, оборудованные умывальниками, мойками, унитазами, ваннами сидячими длиной 1200 мм, душами        5,22
13.2        Многоквартирные и жилые дома с централизованным холодным водоснабжением, без централизованного водоотведения, оборудованные умывальниками, мойками, унитазами, ваннами длиной 1500-1550 мм, душами        5,32
13.3        Многоквартирные и жилые дома с централизованным холодным водоснабжением, без централизованного водоотведения, оборудованные умывальниками, мойками, унитазами, ваннами длиной 1650-1700 мм, душами        5,42
13.4        Многоквартирные и жилые дома с централизованным холодным водоснабжением, без централизованного водоотведения, оборудованные умывальниками, мойками, унитазами, ваннами без душа        2,52
14        Многоквартирные и жилые дома с централизованным холодным водоснабжением, без централизованного водоотведения, оборудованные умывальниками, мойками, унитазами        1,72
15        Многоквартирные и жилые дома с водоразборной колонкой        1,22
16        Дома, использующиеся в качестве общежитий, оборудованные мойками, раковинами, унитазами, с душевыми с централизованным холодным и горячим водоснабжением, водоотведением        3,01
17        Многоквартирные и жилые дома с централизованным холодным водоснабжением, оборудованные умывальниками, мойками        1,01
18        Многоквартирные и жилые дома с централизованным холодным и горячим водоснабжением, водоотведением, оборудованные унитазами, раковинами, мойками        2,66
19        Многоквартирные и жилые дома с централизованным холодным водоснабжением, водоотведением, оборудованные унитазами, мойками        1,72
20        Многоквартирные и жилые дома с централизованным холодным водоснабжением, водоотведением с водонагревателями, оборудованные умывальниками, мойками, унитазами        1,72
21        Дома, использующиеся в качестве общежитий, с централизованным холодным водоснабжением и водоотведением, с водонагревателями, оборудованные мойками, раковинами, унитазами, с душевыми        4,88
22        Дома, использующиеся в качестве общежитий, с централизованным холодным водоснабжением и водоотведением, оборудованные мойками, раковинами, унитазами        3,18
","Распоряжение Министерства жилищно-коммунального хозяйства Московской области от 20.10.2020 № 386-РВ ""Об утверждении нормативов потребления коммунальных услуг по холодному (горячему) водоснабжению, водоотведению в жилых помещениях на территории Московской области""
1        Многоквартирные и жилые дома с централизованным холодным и горячим водоснабжением, водоотведением, оборудованные унитазами, раковинами, мойками, ваннами сидячими длиной 1200 мм с душем        3,12
2        Многоквартирные и жилые дома с централизованным холодным и горячим водоснабжением, водоотведением, оборудованные унитазами, раковинами, мойками, ваннами длиной 1500-1550 мм с душем        3,17
3        Многоквартирные и жилые дома с централизованным холодным и горячим водоснабжением, водоотведением, оборудованные унитазами, раковинами, мойками, ваннами длиной 1650-1700 мм с душем        3,23
4        Многоквартирные и жилые дома с централизованным холодным и горячим водоснабжением, водоотведением, оборудованные унитазами, раковинами, мойками, ваннами без душа        1,64
5        Многоквартирные и жилые дома с централизованным холодным и горячим водоснабжением, водоотведением, оборудованные унитазами, раковинами, мойками, душем        2,57
6        Дома, использующиеся в качестве общежитий, оборудованные мойками, раковинами, унитазами, с душевыми с централизованным холодным и горячим водоснабжением, водоотведением        1,87
7        Многоквартирные и жилые дома с централизованным холодным и горячим водоснабжением, водоотведением, оборудованные унитазами, раковинами, мойками        1,20
","Распоряжение Министерства ЖКХ МО от 20.06.2019 N 332-РВ
""Об утверждении нормативов расхода тепловой энергии, используемой на подогрев холодной воды в целях предоставления коммунальной услуги по горячему водоснабжению, на территории городского округа Балашиха Московской области""            
        Без наружной сети горячего водоснабжения                
1.        С изолированными стояками                
1.1.        С полотенцесушителями        0,0599        Гкал на 1 куб. м
1.2.        Без полотенцесушителей        0,0549        Гкал на 1 куб. м
2.        С неизолированными стояками                
2.1.        С полотенцесушителями        0,0649        Гкал на 1 куб. м
2.2.        Без полотенцесушителей        0,0599        Гкал на 1 куб. м

Распоряжение Министерства ЖКХ МО от 20.10.2020 N 379-РВ
""Об утверждении нормативов расхода тепловой энергии, используемой на подогрев холодной воды в целях предоставления коммунальной услуги по горячему водоснабжению, на территории городского округа Реутов Московской области""
                
        Без наружной сети горячего водоснабжения                
1.        С неизолированными стояками                
1.1.        С полотенцесушителями        0,0649        Гкал на 1 куб. м
1.2.        Без полотенцесушителей        0,0600        Гкал на 1 куб. м

",-,"Распоряжение Министерства ЖКХ МО от 20.09.2021 N 431-РВ (ред. от 28.12.2024) ""Об утверждении нормативов накопления твердых коммунальных отходов на территории Московской области""                        
Домовладения, годовой норматив накопления отходов:                        
1. Многоквартирные дома: твердые коммунальные отходы, за исключением крупногабаритных отходов        1 кв. метр общей площади        0,086         м3
2. Многоквартирные дома: крупногабаритные отходы        1 кв. метр общей площади        0,028         м3


Распоряжение Министерства ЖКХ МО от 20.12.2019 N 735-РВ (ред. от 04.09.2023) ""Об утверждении нормативов накопления твердых коммунальных отходов для индивидуальных жилых домов на территории Московской области""                                
№        Наименование категории объектов                Площадь ИЖД, кв. м        Норматив, куб. м/кв. м        Включая КГО, куб. м/кв. м
Домовладения: 
                               
1        ИЖД        1 кв. м. площади        до 50        0,1140        0,0270
2        ИЖД        1 кв. м. площади        от 51 до 100          0,1140        0,0270
3        ИЖД        1 кв. м. площади        от 101 до 150        0,1000        0,0237
4        ИЖД        1 кв. м. площади        от 151 до 250        0,0753        0,0178
5        ИЖД        1 кв. м. площади        от 251 до 350        0,0566        0,0134
6        ИЖД        1 кв. м. площади        от 351 до 450        0,0426        0,0101
7        ИЖД        1 кв. м. площади        от 451 до 500        0,0320        0,0076
8        ИЖД        1 кв. м. площади        от 501 и более      0,0248        0,0059
",-,
Окружное управление социального развития №2,"1. Постановление Главы администрации Истринского района от 25.07.1994 № 1455/14. «О переходе на новую систему оплаты жилья и коммунальных услуг и порядке предоставления гражданам жилищных субсидий».
0,016 Гкал на 1 кв.м. общей площади в месяц.

2. Решение Совета депутатов городского округа Краснознаменск Московской области от 23.03.2010 № 107/6. «Об утверждении нормативов потребления коммунальных услуг для населения, проживающего в жилых помещениях, не оборудованных индивидуальными приборами учёта, применяемых для определения размера платы за коммунальные услуги на территории городского округа Краснознаменск Московской области».
Многоквартирные дома и общежития квартирного типа годом постройки до 1999 года включительно:
до 5 этажей включительно-0,0129 Гкал/кв.м
свыше 5 до 12 этажей включительно-0,0126 Гкал/кв.м
свыше 12 этажей-0,0130 Гкал/кв.м
Многоквартирные дома годом постройки после 1999 г. этажностью:
до 4 этажей включительно-0,0080 Гкал/кв.м
свыше 10 этажей-0,0090 Гкал/кв.м
Общежитиея коридорного типа-0,0130 Гкал/кв.м.

3. Решение Совета депутатов городского поселения Одинцово Одинцовского муниципального района Московской области от 22.12.2010 № 4/15. «Об установлении с 1 января 2011 года порядка определения размера платы граждан за предоставленные жилищно-коммунальные услуги». 
0,02 Гкал на 1 кв.м. общей площади в месяц.

4. Решение Совета депутатов городского округа Власиха Московской области от 24 ноября 2010 года №24/91. «Об установлении с 1 января 2011 года порядка определения размера оплаты граждан за предоставленные коммунальные услуги». 
0,02 Гкал на 1 кв.м. общей площади в месяц.

5. Решение Совета депутатов городского округа Восход Московской области от 19 ноября 2009 года №15/3. «Об утверждении предельной платы населения городского округа Восход на содержание, ремонт жилья и коммунальные услуги на 2010 год».
0,013 Гкал на 1 кв.м. общей площади в месяц.",,"п.3, 4, 5 Распоряжения Министерства жилищно-коммунального хозяйства Московской области от 20.12.2019 №736-РВ ""Об утверждении нормативов потребления коммунальной услуги по электроснабжению в индивидуальных жилых домах""   
                                        кВтч в месяц на человека                                                                                                                                                                                                  
3. Индивидуальные жилые дома, не оборудованные стационарными электроплитами, но оборудованные в установленном порядке электроотопительными и (или) электронагревательными установками для целей горячего водоснабжения, в отопительный период
Кол-во комнат /  кол-во человек, проживающих в помещении
                             1            2            3             4           5 и более
1                         334        207        160        130        113
2                         431        267        207        168        146
3                         487        302        234        190        166
4 и более           527        327        253        206        179
4. Индивидуальные жилые дома, не оборудованные стационарными электроплитами, но оборудованные в установленном порядке электроотопительными и (или) электронагревательными установками для целей горячего водоснабжения, вне отопительного периода                                                                                                             1                         231        143        111         90           79
2                         298        185        143        116        101
3                         338        209        162        132        115
4 и более           365        227        175        143        124
5. Индивидуальные жилые дома, оборудованные в установленном порядке стационарными электроплитами, электроотопительными и (или) электронагревательными установками для целей горячего водоснабжения                                                                                                                                                                       1                         342        212        164        133        116
2                         404        250        194        157        137                                                                                                                                                                                                              3                         441        274        212        172        150
4 и более           469        291        225        183        159
","Распоряжение Министерства жилищно-коммунального хозяйства Московской области от 20.10.2020 № 386-РВ ""Об утверждении нормативов потребления коммунальных услуг по холодному (горячему) водоснабжению, водоотведению в жилых помещениях на территории Московской области""
1        Многоквартирные и жилые дома с централизованным холодным и горячим водоснабжением, водоотведением, оборудованные унитазами, раковинами, мойками, ваннами сидячими длиной 1200 мм с душем        куб. метр в месяц на человека        4,24
2        Многоквартирные и жилые дома с централизованным холодным и горячим водоснабжением, водоотведением, оборудованные унитазами, раковинами, мойками, ваннами длиной 1500-1550 мм с душем        куб. метр в месяц на человека        4,29
3        Многоквартирные и жилые дома с централизованным холодным и горячим водоснабжением, водоотведением, оборудованные унитазами, раковинами, мойками, ваннами длиной 1650-1700 мм с душем        куб. метр в месяц на человека        4,33
4        Многоквартирные и жилые дома с централизованным холодным и горячим водоснабжением, водоотведением, оборудованные унитазами, раковинами, мойками, ваннами без душа        куб. метр в месяц на человека        3,02
5        Многоквартирные и жилые дома с централизованным холодным и горячим водоснабжением, водоотведением, оборудованные унитазами, раковинами, мойками, душем        куб. метр в месяц на человека        3,79
6        Многоквартирные и жилые дома с централизованным холодным водоснабжением, водонагревателями, водоотведением, оборудованные унитазами, раковинами, мойками, душами и ваннами сидячими длиной 1200 мм с душем        куб. метр в месяц на человека        7,36
7        Многоквартирные и жилые дома с централизованным холодным водоснабжением, водонагревателями, водоотведением, оборудованные унитазами, раковинами, мойками, душами и ваннами длиной 1500-1550 мм с душем        куб. метр в месяц на человека        7,46
8        Многоквартирные и жилые дома с централизованным холодным водоснабжением, водонагревателями, водоотведением, оборудованные унитазами, раковинами, мойками, душами и ваннами длиной 1650-1700 мм с душем        куб. метр в месяц на человека        7,56
9        Многоквартирные и жилые дома с централизованным холодным водоснабжением, водонагревателями, водоотведением, оборудованные унитазами, раковинами, мойками, душами и ваннами без душа        куб. метр в месяц на человека        7,16
10        Многоквартирные и жилые дома с централизованным холодным водоснабжением, водонагревателями, водоотведением, оборудованные унитазами, раковинами, мойками, душами        куб. метр в месяц на человека        6,36
11        Многоквартирные и жилые дома без водонагревателей с водопроводом и канализацией, оборудованные раковинами, мойками и унитазами        куб. метр в месяц на человека        3,86
12        Многоквартирные и жилые дома без водонагревателей с централизованным холодным водоснабжением и водоотведением, оборудованные раковинами и мойками        куб. метр в месяц на человека        3,15
13.1        Многоквартирные и жилые дома с централизованным холодным водоснабжением, без централизованного водоотведения, оборудованные умывальниками, мойками, унитазами, ваннами сидячими длиной 1200 мм, душами        куб. метр в месяц на человека        5,22
13.2        Многоквартирные и жилые дома с централизованным холодным водоснабжением, без централизованного водоотведения, оборудованные умывальниками, мойками, унитазами, ваннами длиной 1500-1550 мм, душами        куб. метр в месяц на человека        5,32
13.3        Многоквартирные и жилые дома с централизованным холодным водоснабжением, без централизованного водоотведения, оборудованные умывальниками, мойками, унитазами, ваннами длиной 1650-1700 мм, душами        куб. метр в месяц на человека        5,42
13.4        Многоквартирные и жилые дома с централизованным холодным водоснабжением, без централизованного водоотведения, оборудованные умывальниками, мойками, унитазами, ваннами без душа        куб. метр в месяц на человека        2,52
14        Многоквартирные и жилые дома с централизованным холодным водоснабжением, без централизованного водоотведения, оборудованные умывальниками, мойками, унитазами        куб. метр в месяц на человека        1,72
15        Многоквартирные и жилые дома с водоразборной колонкой        куб. метр в месяц на человека        1,22
16        Дома, использующиеся в качестве общежитий, оборудованные мойками, раковинами, унитазами, с душевыми с централизованным холодным и горячим водоснабжением, водоотведением        куб. метр в месяц на человека        3,01
17        Многоквартирные и жилые дома с централизованным холодным водоснабжением, оборудованные умывальниками, мойками        куб. метр в месяц на человека        1,01
18        Многоквартирные и жилые дома с централизованным холодным и горячим водоснабжением, водоотведением, оборудованные унитазами, раковинами, мойками        куб. метр в месяц на человека        2,66
19        Многоквартирные и жилые дома с централизованным холодным водоснабжением, водоотведением, оборудованные унитазами, мойками        куб. метр в месяц на человека        1,72
20        Многоквартирные и жилые дома с централизованным холодным водоснабжением, водоотведением с водонагревателями, оборудованные умывальниками, мойками, унитазами        куб. метр в месяц на человека        1,72
21        Дома, использующиеся в качестве общежитий, с централизованным холодным водоснабжением и водоотведением, с водонагревателями, оборудованные мойками, раковинами, унитазами, с душевыми        куб. метр в месяц на человека        4,88
22        Дома, использующиеся в качестве общежитий, с централизованным холодным водоснабжением и водоотведением, оборудованные мойками, раковинами, унитазами        куб. метр в месяц на человека        3,18
","Распоряжение Министерства жилищно-коммунального хозяйства Московской области от 20.10.2020 № 386-РВ ""Об утверждении нормативов потребления коммунальных услуг по холодному (горячему) водоснабжению, водоотведению в жилых помещениях на территории Московской области""
1	Многоквартирные и жилые дома с централизованным холодным и горячим водоснабжением, водоотведением, оборудованные унитазами, раковинами, мойками, ваннами сидячими длиной 1200 мм с душем	куб. метр в месяц на человека	3,12
2	Многоквартирные и жилые дома с централизованным холодным и горячим водоснабжением, водоотведением, оборудованные унитазами, раковинами, мойками, ваннами длиной 1500-1550 мм с душем	куб. метр в месяц на человека	3,17
3	Многоквартирные и жилые дома с централизованным холодным и горячим водоснабжением, водоотведением, оборудованные унитазами, раковинами, мойками, ваннами длиной 1650-1700 мм с душем	куб. метр в месяц на человека	3,23
4	Многоквартирные и жилые дома с централизованным холодным и горячим водоснабжением, водоотведением, оборудованные унитазами, раковинами, мойками, ваннами без душа	куб. метр в месяц на человека	1,64
5	Многоквартирные и жилые дома с централизованным холодным и горячим водоснабжением, водоотведением, оборудованные унитазами, раковинами, мойками, душем	куб. метр в месяц на человека	2,57
6	Многоквартирные и жилые дома с централизованным холодным водоснабжением, водонагревателями, водоотведением, оборудованные унитазами, раковинами, мойками, душами и ваннами сидячими длиной 1200 мм с душем	куб. метр в месяц на человека	x
7	Многоквартирные и жилые дома с централизованным холодным водоснабжением, водонагревателями, водоотведением, оборудованные унитазами, раковинами, мойками, душами и ваннами длиной 1500-1550 мм с душем	куб. метр в месяц на человека	x
8	Многоквартирные и жилые дома с централизованным холодным водоснабжением, водонагревателями, водоотведением, оборудованные унитазами, раковинами, мойками, душами и ваннами длиной 1650-1700 мм с душем	куб. метр в месяц на человека	x
9	Многоквартирные и жилые дома с централизованным холодным водоснабжением, водонагревателями, водоотведением, оборудованные унитазами, раковинами, мойками, душами и ваннами без душа	куб. метр в месяц на человека	x
10	Многоквартирные и жилые дома с централизованным холодным водоснабжением, водонагревателями, водоотведением, оборудованные унитазами, раковинами, мойками, душами	куб. метр в месяц на человека	x
11	Многоквартирные и жилые дома без водонагревателей с водопроводом и канализацией, оборудованные раковинами, мойками и унитазами	куб. метр в месяц на человека	x
12	Многоквартирные и жилые дома без водонагревателей с централизованным холодным водоснабжением и водоотведением, оборудованные раковинами и мойками	куб. метр в месяц на человека	x
13.1	Многоквартирные и жилые дома с централизованным холодным водоснабжением, без централизованного водоотведения, оборудованные умывальниками, мойками, унитазами, ваннами сидячими длиной 1200 мм, душами	куб. метр в месяц на человека	x
13.2	Многоквартирные и жилые дома с централизованным холодным водоснабжением, без централизованного водоотведения, оборудованные умывальниками, мойками, унитазами, ваннами длиной 1500-1550 мм, душами	куб. метр в месяц на человека	x
13.3	Многоквартирные и жилые дома с централизованным холодным водоснабжением, без централизованного водоотведения, оборудованные умывальниками, мойками, унитазами, ваннами длиной 1650-1700 мм, душами	куб. метр в месяц на человека	x
13.4	Многоквартирные и жилые дома с централизованным холодным водоснабжением, без централизованного водоотведения, оборудованные умывальниками, мойками, унитазами, ваннами без душа	куб. метр в месяц на человека	x
14	Многоквартирные и жилые дома с централизованным холодным водоснабжением, без централизованного водоотведения, оборудованные умывальниками, мойками, унитазами	куб. метр в месяц на человека	x
15	Многоквартирные и жилые дома с водоразборной колонкой	куб. метр в месяц на человека	x
16	Дома, использующиеся в качестве общежитий, оборудованные мойками, раковинами, унитазами, с душевыми с централизованным холодным и горячим водоснабжением, водоотведением	куб. метр в месяц на человека	1,87
17	Многоквартирные и жилые дома с централизованным холодным водоснабжением, оборудованные умывальниками, мойками	куб. метр в месяц на человека	x
18	Многоквартирные и жилые дома с централизованным холодным и горячим водоснабжением, водоотведением, оборудованные унитазами, раковинами, мойками	куб. метр в месяц на человека	1,20
19	Многоквартирные и жилые дома с централизованным холодным водоснабжением, водоотведением, оборудованные унитазами, мойками	куб. метр в месяц на человека	x
20	Многоквартирные и жилые дома с централизованным холодным водоснабжением, водоотведением с водонагревателями, оборудованные умывальниками, мойками, унитазами	куб. метр в месяц на человека	x
21	Дома, использующиеся в качестве общежитий, с централизованным холодным водоснабжением и водоотведением, с водонагревателями, оборудованные мойками, раковинами, унитазами, с душевыми	куб. метр в месяц на человека	x
22	Дома, использующиеся в качестве общежитий, с централизованным холодным водоснабжением и водоотведением, оборудованные мойками, раковинами, унитазами	куб. метр в месяц на человека	x
","1. (Одинцовский г.о., г.о. Восход) Распоряжение Министерства жилищно-коммунального хозяйства Московской области от 07.11.2019 № 624-РВ ""Об утверждении нормативов расхода тепловой энергии, используемой на подогрев холодной воды в целях предоставления коммунальной услуги по горячему водоснабжению"" 
         Одинцовский г.о.
Без наружной сети горячего водоснабжения
1. С изолированными стояками
1.1. С полотенцесушителями
Гкал на 1 куб. м 0,0599
2. С неизолированными стояками
2.1. С полотенцесушителями
Гкал на 1 куб. м 0,0648
2.2. Без полотенцесушителей
Гкал на 1 куб. м 0,0599
             г.о. Восход
Без наружной сети горячего водоснабжения
1. С неизолированными стояками
1.1. С полотенцесушителями
Гкал на 1 куб. м 0,0648

2. (м.о. Истра) Распоряжение Министерства жилищно-коммунального хозяйства Московской области от 20.07.2017 №127-РВ ""Об утверждении нормативов расхода тепловой энергии, используемой на подогрев холодной воды в целях предоставления коммунальной услуги по горячему водоснабжению, на территроии городского округа Истра Московской области"" 
С изолированными стояками
 1.1.С полотенцесушителями
Гкал на 1 куб. м 0,0599
1.2. Без полотенцесушителей
Гкал на 1 куб. м 0,0549
2. С неизолированными стояками
 2.1. С полотенцесушителями
Гкал на 1 куб. м 0,0649
2.2. Без полотенцесушителей
Гкал на 1 куб. м 0,0599
 
3. (г.о. Краснознаменск) Распоряжение Министерства жилищно-коммунального хозяйства Московской области от 21.10.2020 № 397-РВ ""Об утверждении нормативов расхода тепловой энергии, используемой на подогрев холодной воды в целях предоставления коммунальной услуги по горячему водоснабжению, на территории городского округа Краснознаменск Московской области"" 
Без наружной сети горячего водоснабжения
1. С неизолированными стояками
1.1. С полотенцесушителями
Гкал на 1 куб. м 0,0648

4. (г.о. Власиха) Распоряжение Министерства жилищно-коммунального хозяйства Московской области от 21.10.2020 № 397-РВ ""Об утверждении нормативов расхода тепловой энергии, используемой на подогрев холодной воды в целях предоставления коммунальной услуги по горячему водоснабжению, на территории городского округа Власиха Московской области""
Без наружной сети горячего водоснабжения
1. С изолированными стояками
1.1.С полотенцесушителями
Гкал на 1 куб. м 0,0602
2. С неизолированными стояками
2.1.С полотенцесушителями
Гкал на 1 куб. м 0,0624
2.2. Без полотенцесушителей
Гкал на 1 куб. м 0,0602

  ",,"Распоряжение Министерства жилищно-коммунального хозяйства Московской области от 20.09.2021 №431-РВ ""Об утверждении нормативов накопления твёрдых коммунальных отходов на территории Московской области""                                                                                              2.1.     Многоквартирные дома: твердые коммунальные отходы, за исключением крупногабаритных отходов
1 кв. метр общей площади            0,086 куб.м в год
2.2.     Многоквартирные дома: крупногабаритные отходы
1 кв. метр общей площади             0,028 куб.м в год
",,
Окружное управление социального развития №3,,,,"Распоряжение Министерства ЖКХ МО от 20.10.2020 N 386-РВ ""Об утверждении нормативов потребления коммунальных услуг по холодному (горячему) водоснабжению, водоотведению в жилых помещениях на территории Московской области""","Распоряжение Министерства ЖКХ МО от 20.10.2020 N 386-РВ ""Об утверждении нормативов потребления коммунальных услуг по холодному (горячему) водоснабжению, водоотведению в жилых помещениях на территории Московской области""","1. Распоряжение  Министерства ЖКХ МО от 21.10.2020 № 400-РВ ""Об утверждении нормативов расхода тепловой энергии, используемой на подогрев холодной воды в целях предоставления коммунальной услуги по горячему водоснабжению, на территории городского округа Люберцы Московской области.                                                                2. Распоряжение Министерства жилищно-коммунального хозяйства Московской области от 21 октября 2020 г. N 398-РВ ""Об утверждении норматива расхода тепловой энергии, используемой на подогрев холодной воды в целях предоставления коммунальной услуги по горячему водоснабжению, на территории городского округа Лыткарино Московской области"".                                       3. Распоряжение Министерства жилищно-коммунального хозяйства Московской области от 20 июня 2019 г. N 337-РВ ""Об утверждении нормативов расхода тепловой энергии, используемой на подогрев холодной воды в целях предоставления коммунальной услуги по горячему водоснабжению, на территории городского округа Дзержинский Московской области"".                                          4. Распоряжение Министерства жилищно-коммунального хозяйства Московской области от 20 сентября 2022 г. N 268-РВ ""О внесении изменения в распоряжение Министерства жилищно-коммунального хозяйства Московской области от 20.10.2020 N 378-РВ ""Об утверждении нормативов расхода тепловой энергии, используемой на подогрев холодной воды в целях предоставления коммунальной услуги по горячему водоснабжению, на территории городского округа Котельники Московской области""                                                

",,,,
Окружное управление социального развития №4,,"Постановление администрации городского округа Электросталь МО от 04.12.2009 N 537/9
""Об установлении с 1 января 2010 года на территории городского округа Электросталь Московской области нормативов потребления отдельных видов коммунальных услуг"":

Многоквартирные одноэтажные и жилые дома постройки до 1958 года, шлаковые и кирпичные, крыши чердачные и бесчердачные        0,01568 Гкал на 1 кв. м
Многоквартирные дома от 2 до 3 этажей постройки до 1958 года, кирпичные, крыши чердачные        0,01543 Гкал на 1 кв. м
Многоквартирные дома от 2 до 3 этажей постройки до 1958 года, деревянные, шлаковые, крыши чердачные и бесчердачные        0,01556 Гкал на 1 кв. м
Многоквартирные дома от 2 до 3 этажей постройки с 1959 года по 1999 год, кирпичные, крыши чердачные        0,01536 Гкал на 1 кв. м
Многоквартирные дома от 2 до 3 этажей постройки с 1959 года по 1999 год, деревянные, шлаковые, панельные, крыши чердачные        0,01563 Гкал на 1 кв. м
Многоквартирные дома от 4 до 5 этажей постройки до 1958 года, шлаковые, кирпичные, крыши чердачные и бесчердачные        0,01542 Гкал на 1 кв. м
Многоквартирные дома от 4 до 5 этажей постройки с 1959 года по 1999 год, шлаковые, кирпичные, панельные, крыши чердачные        0,01525 Гкал на 1 кв. м
Многоквартирные дома от 4 до 5 этажей постройки с 1959 года по 1999 год, шлаковые, кирпичные, панельные, крыши бесчердачные        0,0153 Гкал на 1 кв. м
Многоквартирные дома от 6 до 9 этажей постройки с 1959 года по 1999 год, кирпичные, крыши чердачные и бесчердачные        0,01529 Гкал на 1 кв. м
Многоквартирные дома от 6 до 9 этажей постройки с 1959 года по 1999 год, панельные, крыши чердачные и бесчердачные        0,01527 Гкал на 1 кв. м
Многоквартирные дома 10-этажные и выше постройки с 1959 года по 1999 год, кирпичные, панельные, монолитные, крыши чердачные и бесчердачные        0,01526 Гкал на 1 кв. м
Многоквартирные дома 6-этажные и выше постройки от 2000 года и последующие годы, кирпичные, панельные, монолитные, крыши чердачные и бесчердачные        0,015 Гкал на 1 кв. м

В Богородском городском округе установлены нормативы на:   отопление в жилых домах    с централизованной системой теплоснабжения в течение 12 месяцев  0,0158  (Гкал) ; отопление в жилых домах с централизованной системой теплоснабжения в течение 7 месяцев (январь, февраль, март, апрель, октябрь, ноябрь, декабрь) 0,027143(Гкал), утвержденные: 1. Постановлением главы городского поселения Ногинск Ногинского муниципального района МО от 31.12.2009 N 771 ""Об установлении с 1 января 2010 года на территории муниципального образования ""Городское поселение Ногинск Московской области"" нормативов потребления отдельных видов коммунальных услуг"";2.  Решение Совета депутатов сельского поселения Аксено-Бутырское от 10.11.2009 N 9/2 ""Об утверждении нормативов потребления коммунальных услуг на территории муниципального образования ""Сельское поселение Аксено-Бутырское Московской области""; 3. Решение Совета депутатов муниципального образования «Сельское поселение Буньковское Московской области» от 04.12.2009 № 4/12 «Об утверждении нормативов потребления коммунальных услуг на территории муниципального образования ""Сельское поселение Буньковское Московской области""; 4. Решение Совета депутатов сельского поселения Мамонтовское Московской области от 09.10.2009 №3/48 «О нормативах потребления коммунальных услуг»; 5.Решение Совета депутатов городского поселения Обухово от 11.12.2009 № 13/58-2009 СГПО «Об утверждении нормативов потребления коммунальных услуг»; 6. Решению Совета Депутатов МО ГП Старая Купавна от 17.11.2009г. № 2/4па-2009 «Об утверждении объемов потребления коммунальных услуг и ТБО»; 7. Решение Совета депутатов сельского поселения Ямкинсоке Московской области от 22.10.2009 №5/2 «О нормативах потребления коммунальных услуг»;8. Постановление главы администрации муниципального образования ""Городское поселение им. Воровского Московской области"" от 24.12.2014 г. N 250 "" «О нормативах потребления коммунальных услуг для населения муниципального образования «Городское поселение им. Воровского Московской области»; 9. Постановление главы администрации муниципального образования ""Город Электроугли Московской области"" от 17.06.2010 г. N 210 "" «О нормативах потребления коммунальных услуг для населения муниципального образования «Город Электроугли Московской области»       Павлово-Посадский г.о.      Постановление главы Павлово-Посадского муниципального района МО от 07.12.2007 N 2464 (ред. от 02.12.2008) ""Об оплате жилья и нормативах потребления коммунальных услуг""-0,017 Гкал/кв.м., на территории г. Электрогорск: Постановление главы городского округа Электрогорск МО от 04.12.2008 N 1005 (ред. от 19.08.2015) ""Об утверждении нормативов потребления коммунальных услуг для населения на территории городского округа Электрогорск"" - 0,023 Гкал/кв.м","""п.3, 4, 5 Распоряжения Министерства жилищно-коммунального хозяйства Московской области от 20.12.2019 №736-РВ """"Об утверждении нормативов потребления коммунальной услуги по электроснабжению в индивидуальных жилых домах""""   
                                        кВтч в месяц на человека                                                                                                                                                                                                  
3. Индивидуальные жилые дома, не оборудованные стационарными электроплитами, но оборудованные в установленном порядке электроотопительными и (или) электронагревательными установками для целей горячего водоснабжения, в отопительный период
Кол-во комнат /  кол-во человек, проживающих в помещении
                             1            2            3             4           5 и более
1                         334        207        160        130        113
2                         431        267        207        168        146
3                         487        302        234        190        166
4 и более           527        327        253        206        179
4. Индивидуальные жилые дома, не оборудованные стационарными электроплитами, но оборудованные в установленном порядке электроотопительными и (или) электронагревательными установками для целей горячего водоснабжения, вне отопительного периода                                                                                                             1                         231        143        111         90           79
2                         298        185        143        116        101
3                         338        209        162        132        115
4 и более           365        227        175        143        124
5. Индивидуальные жилые дома, оборудованные в установленном порядке стационарными электроплитами, электроотопительными и (или) электронагревательными установками для целей горячего водоснабжения                                                                                                                                                                       1                         342        212        164        133        116
2                         404        250        194        157        137                                                                                                                                                                                                              3                         441        274        212        172        150
4 и более           469        291        225        183        159
""","Распоряжение Министерства ЖКХ МО от 20.10.2020 N 386-РВ ""Об утверждении нормативов потребления коммунальных услуг по холодному (горячему) водоснабжению, водоотведению в жилых помещениях на территории Московской области"":
Многоквартирные и жилые дома с централизованным холодным и горячим водоснабжением, водоотведением, оборудованные унитазами, раковинами, мойками, ваннами сидячими длиной 1200 мм с душем        4,24
Многоквартирные и жилые дома с централизованным холодным и горячим водоснабжением, водоотведением, оборудованные унитазами, раковинами, мойками, ваннами длиной 1500-1550 мм с душем        4,29
Многоквартирные и жилые дома с централизованным холодным и горячим водоснабжением, водоотведением, оборудованные унитазами, раковинами, мойками, ваннами длиной 1650-1700 мм с душем        4,33
Многоквартирные и жилые дома с централизованным холодным и горячим водоснабжением, водоотведением, оборудованные унитазами, раковинами, мойками, ваннами без душа        3,02
Многоквартирные и жилые дома с централизованным холодным и горячим водоснабжением, водоотведением, оборудованные унитазами, раковинами, мойками, душем        3,79
Многоквартирные и жилые дома с централизованным холодным водоснабжением, водонагревателями, водоотведением, оборудованные унитазами, раковинами, мойками, душами и ваннами сидячими длиной 1200 мм с душем        7,36
Многоквартирные и жилые дома с централизованным холодным водоснабжением, водонагревателями, водоотведением, оборудованные унитазами, раковинами, мойками, душами и ваннами длиной 1500-1550 мм с душем        7,46
Многоквартирные и жилые дома с централизованным холодным водоснабжением, водонагревателями, водоотведением, оборудованные унитазами, раковинами, мойками, душами и ваннами длиной 1650-1700 мм с душем        7,56
Многоквартирные и жилые дома с централизованным холодным водоснабжением, водонагревателями, водоотведением, оборудованные унитазами, раковинами, мойками, душами и ваннами без душа        7,16
Многоквартирные и жилые дома с централизованным холодным водоснабжением, водонагревателями, водоотведением, оборудованные унитазами, раковинами, мойками, душами        6,36
Многоквартирные и жилые дома без водонагревателей с водопроводом и канализацией, оборудованные раковинами, мойками и унитазами        3,86
Многоквартирные и жилые дома без водонагревателей с централизованным холодным водоснабжением и водоотведением, оборудованные раковинами и мойками        3,15        
Многоквартирные и жилые дома с централизованным холодным водоснабжением, без централизованного водоотведения, оборудованные умывальниками, мойками, унитазами, ваннами сидячими длиной 1200 мм, душами        5,22
Многоквартирные и жилые дома с централизованным холодным водоснабжением, без централизованного водоотведения, оборудованные умывальниками, мойками, унитазами, ваннами длиной 1500-1550 мм, душами        5,32
Многоквартирные и жилые дома с централизованным холодным водоснабжением, без централизованного водоотведения, оборудованные умывальниками, мойками, унитазами, ваннами длиной 1650-1700 мм, душами        5,42
Многоквартирные и жилые дома с централизованным холодным водоснабжением, без централизованного водоотведения, оборудованные умывальниками, мойками, унитазами, ваннами без душа        2,52
Многоквартирные и жилые дома с централизованным холодным водоснабжением, без централизованного водоотведения, оборудованные умывальниками, мойками, унитазами        1,72
Многоквартирные и жилые дома с водоразборной колонкой        1,22
Дома, использующиеся в качестве общежитий, оборудованные мойками, раковинами, унитазами, с душевыми с централизованным холодным и горячим водоснабжением, водоотведением        3,01
Многоквартирные и жилые дома с централизованным холодным водоснабжением, оборудованные умывальниками, мойками        1,01
Многоквартирные и жилые дома с централизованным холодным и горячим водоснабжением, водоотведением, оборудованные унитазами, раковинами, мойками        2,66
Многоквартирные и жилые дома с централизованным холодным водоснабжением, водоотведением, оборудованные унитазами, мойками        1,72
Многоквартирные и жилые дома с централизованным холодным водоснабжением, водоотведением с водонагревателями, оборудованные умывальниками, мойками, унитазами        1,72
Дома, использующиеся в качестве общежитий, с централизованным холодным водоснабжением и водоотведением, с водонагревателями, оборудованные мойками, раковинами, унитазами, с душевыми        4,88
Дома, использующиеся в качестве общежитий, с централизованным холодным водоснабжением и водоотведением, оборудованные мойками, раковинами, унитазами        3,18
","Распоряжение Министерства ЖКХ МО от 20.10.2020 N 386-РВ ""Об утверждении нормативов потребления коммунальных услуг по холодному (горячему) водоснабжению, водоотведению в жилых помещениях на территории Московской области"":
Многоквартирные и жилые дома с централизованным холодным и горячим водоснабжением, водоотведением, оборудованные унитазами, раковинами, мойками, ваннами сидячими длиной 1200 мм с душем        3,12
Многоквартирные и жилые дома с централизованным холодным и горячим водоснабжением, водоотведением, оборудованные унитазами, раковинами, мойками, ваннами длиной 1500-1550 мм с душем        3,17
Многоквартирные и жилые дома с централизованным холодным и горячим водоснабжением, водоотведением, оборудованные унитазами, раковинами, мойками, ваннами длиной 1650-1700 мм с душем        3,23
Многоквартирные и жилые дома с централизованным холодным и горячим водоснабжением, водоотведением, оборудованные унитазами, раковинами, мойками, ваннами без душа        1,64
Многоквартирные и жилые дома с централизованным холодным и горячим водоснабжением, водоотведением, оборудованные унитазами, раковинами, мойками, душем        2,57
Дома, использующиеся в качестве общежитий, оборудованные мойками, раковинами, унитазами, с душевыми с централизованным холодным и горячим водоснабжением, водоотведением        1,87
Многоквартирные и жилые дома с централизованным холодным и горячим водоснабжением, водоотведением, оборудованные унитазами, раковинами, мойками        1,2                                                                                                                 ","Распоряжение Министерства ЖКХ МО от 20.10.2020 N 386-РВ ""Об утверждении нормативов потребления коммунальных услуг по холодному (горячему) водоснабжению, водоотведению в жилых помещениях на территории Московской области"":
Многоквартирные и жилые дома с централизованным холодным и горячим водоснабжением, водоотведением, оборудованные унитазами, раковинами, мойками, ваннами сидячими длиной 1200 мм с душем        3,12
Многоквартирные и жилые дома с централизованным холодным и горячим водоснабжением, водоотведением, оборудованные унитазами, раковинами, мойками, ваннами длиной 1500-1550 мм с душем        3,17
Многоквартирные и жилые дома с централизованным холодным и горячим водоснабжением, водоотведением, оборудованные унитазами, раковинами, мойками, ваннами длиной 1650-1700 мм с душем        3,23
Многоквартирные и жилые дома с централизованным холодным и горячим водоснабжением, водоотведением, оборудованные унитазами, раковинами, мойками, ваннами без душа        1,64
Многоквартирные и жилые дома с централизованным холодным и горячим водоснабжением, водоотведением, оборудованные унитазами, раковинами, мойками, душем        2,57
Дома, использующиеся в качестве общежитий, оборудованные мойками, раковинами, унитазами, с душевыми с централизованным холодным и горячим водоснабжением, водоотведением        1,87
Многоквартирные и жилые дома с централизованным холодным и горячим водоснабжением, водоотведением, оборудованные унитазами, раковинами, мойками        1,2                                        Распоряжение от 21.10.2020 № 402-РВ ""Об утверждении нормативов расхода тепловой энергии, используемой на подогрев холодной воды в целях предоставления коммунальной услуги по горячему водоснабжению, на территории городского округа Павловский-Посад Московской области   1. В домах с открытой системой горячего водоснабжения: с неизолированными стояками: с полотенцесушителями - 0,0639 Гкал на 1 куб.м.; без полотенцесушителей -  0,0599 Гкал на 1 куб.м. 2. В домах с закрытой системой горячего водоснабжения: с полотенцесушителями - 0,0639 Гкал на 1 куб.м.; без полотенцесушителей -  0,0599 Гкал на 1 куб.м.  ",-,"Распоряжение Министерства ЖКХ МО от 20.09.2021 N 431-РВ ""Об утверждении нормативов накопления твердых коммунальных отходов на территории Московской области"" (МКД):
Многоквартирные дома: твердые коммунальные отходы, за исключением крупногабаритных отходов        0,086 куб.м в год
Многоквартирные дома: крупногабаритные отходы        0,028 куб.м в год
",,
Окружное управление социального развития №5,"1. Бронницы. Решение совета депутатов городского округа Бронницы Московской области от 22.12.2014 №30/9
0,017 Гкал на кв.м. общей площади

2. Раменское. Запрошен НПА в ОМСУ

3. Жуковский. Запрошен НПА в ОМСУ",,"п.3, 4, 5 Распоряжения Министерства жилищно-коммунального хозяйства Московской области от 20.12.2019 №736-РВ ""Об утверждении нормативов потребления коммунальной услуги по электроснабжению в индивидуальных жилых домах""   
                                        кВтч в месяц на человека                                                                                                                                                                                                  
3. Индивидуальные жилые дома, не оборудованные стационарными электроплитами, но оборудованные в установленном порядке электроотопительными и (или) электронагревательными установками для целей горячего водоснабжения, в отопительный период
Кол-во комнат /  кол-во человек, проживающих в помещении
                             1            2            3             4           5 и более
1                         334        207        160        130        113
2                         431        267        207        168        146
3                         487        302        234        190        166
4 и более           527        327        253        206        179
4. Индивидуальные жилые дома, не оборудованные стационарными электроплитами, но оборудованные в установленном порядке электроотопительными и (или) электронагревательными установками для целей горячего водоснабжения, вне отопительного периода                                                                                                             1                         231        143        111         90           79
2                         298        185        143        116        101
3                         338        209        162        132        115
4 и более           365        227        175        143        124
5. Индивидуальные жилые дома, оборудованные в установленном порядке стационарными электроплитами, электроотопительными и (или) электронагревательными установками для целей горячего водоснабжения                                                                                                                                                                       1                         342        212        164        133        116
2                         404        250        194        157        137                                                                                                                                                                                                              3                         441        274        212        172        150
4 и более           469        291        225        183        159
","Распоряжение Министерства жилищно-коммунального хозяйства Московской области от 20.10.2020 № 386-РВ ""Об утверждении нормативов потребления коммунальных услуг по холодному (горячему) водоснабжению, водоотведению в жилых помещениях на территории Московской области""
1	Многоквартирные и жилые дома с централизованным холодным и горячим водоснабжением, водоотведением, оборудованные унитазами, раковинами, мойками, ваннами сидячими длиной 1200 мм с душем	куб. метр в месяц на человека	4,24
2	Многоквартирные и жилые дома с централизованным холодным и горячим водоснабжением, водоотведением, оборудованные унитазами, раковинами, мойками, ваннами длиной 1500-1550 мм с душем	куб. метр в месяц на человека	4,29
3	Многоквартирные и жилые дома с централизованным холодным и горячим водоснабжением, водоотведением, оборудованные унитазами, раковинами, мойками, ваннами длиной 1650-1700 мм с душем	куб. метр в месяц на человека	4,33
4	Многоквартирные и жилые дома с централизованным холодным и горячим водоснабжением, водоотведением, оборудованные унитазами, раковинами, мойками, ваннами без душа	куб. метр в месяц на человека	3,02
5	Многоквартирные и жилые дома с централизованным холодным и горячим водоснабжением, водоотведением, оборудованные унитазами, раковинами, мойками, душем	куб. метр в месяц на человека	3,79
6	Многоквартирные и жилые дома с централизованным холодным водоснабжением, водонагревателями, водоотведением, оборудованные унитазами, раковинами, мойками, душами и ваннами сидячими длиной 1200 мм с душем	куб. метр в месяц на человека	7,36
7	Многоквартирные и жилые дома с централизованным холодным водоснабжением, водонагревателями, водоотведением, оборудованные унитазами, раковинами, мойками, душами и ваннами длиной 1500-1550 мм с душем	куб. метр в месяц на человека	7,46
8	Многоквартирные и жилые дома с централизованным холодным водоснабжением, водонагревателями, водоотведением, оборудованные унитазами, раковинами, мойками, душами и ваннами длиной 1650-1700 мм с душем	куб. метр в месяц на человека	7,56
9	Многоквартирные и жилые дома с централизованным холодным водоснабжением, водонагревателями, водоотведением, оборудованные унитазами, раковинами, мойками, душами и ваннами без душа	куб. метр в месяц на человека	7,16
10	Многоквартирные и жилые дома с централизованным холодным водоснабжением, водонагревателями, водоотведением, оборудованные унитазами, раковинами, мойками, душами	куб. метр в месяц на человека	6,36
11	Многоквартирные и жилые дома без водонагревателей с водопроводом и канализацией, оборудованные раковинами, мойками и унитазами	куб. метр в месяц на человека	3,86
12	Многоквартирные и жилые дома без водонагревателей с централизованным холодным водоснабжением и водоотведением, оборудованные раковинами и мойками	куб. метр в месяц на человека	3,15
13.1	Многоквартирные и жилые дома с централизованным холодным водоснабжением, без централизованного водоотведения, оборудованные умывальниками, мойками, унитазами, ваннами сидячими длиной 1200 мм, душами	куб. метр в месяц на человека	5,22
13.2	Многоквартирные и жилые дома с централизованным холодным водоснабжением, без централизованного водоотведения, оборудованные умывальниками, мойками, унитазами, ваннами длиной 1500-1550 мм, душами	куб. метр в месяц на человека	5,32
13.3	Многоквартирные и жилые дома с централизованным холодным водоснабжением, без централизованного водоотведения, оборудованные умывальниками, мойками, унитазами, ваннами длиной 1650-1700 мм, душами	куб. метр в месяц на человека	5,42
13.4	Многоквартирные и жилые дома с централизованным холодным водоснабжением, без централизованного водоотведения, оборудованные умывальниками, мойками, унитазами, ваннами без душа	куб. метр в месяц на человека	2,52
14	Многоквартирные и жилые дома с централизованным холодным водоснабжением, без централизованного водоотведения, оборудованные умывальниками, мойками, унитазами	куб. метр в месяц на человека	1,72
15	Многоквартирные и жилые дома с водоразборной колонкой	куб. метр в месяц на человека	1,22
16	Дома, использующиеся в качестве общежитий, оборудованные мойками, раковинами, унитазами, с душевыми с централизованным холодным и горячим водоснабжением, водоотведением	куб. метр в месяц на человека	3,01
17	Многоквартирные и жилые дома с централизованным холодным водоснабжением, оборудованные умывальниками, мойками	куб. метр в месяц на человека	1,01
18	Многоквартирные и жилые дома с централизованным холодным и горячим водоснабжением, водоотведением, оборудованные унитазами, раковинами, мойками	куб. метр в месяц на человека	2,66
19	Многоквартирные и жилые дома с централизованным холодным водоснабжением, водоотведением, оборудованные унитазами, мойками	куб. метр в месяц на человека	1,72
20	Многоквартирные и жилые дома с централизованным холодным водоснабжением, водоотведением с водонагревателями, оборудованные умывальниками, мойками, унитазами	куб. метр в месяц на человека	1,72
21	Дома, использующиеся в качестве общежитий, с централизованным холодным водоснабжением и водоотведением, с водонагревателями, оборудованные мойками, раковинами, унитазами, с душевыми	куб. метр в месяц на человека	4,88
22	Дома, использующиеся в качестве общежитий, с централизованным холодным водоснабжением и водоотведением, оборудованные мойками, раковинами, унитазами	куб. метр в месяц на человека	3,18
","Распоряжение Министерства жилищно-коммунального хозяйства Московской области от 20.10.2020 № 386-РВ ""Об утверждении нормативов потребления коммунальных услуг по холодному (горячему) водоснабжению, водоотведению в жилых помещениях на территории Московской области""
1	Многоквартирные и жилые дома с централизованным холодным и горячим водоснабжением, водоотведением, оборудованные унитазами, раковинами, мойками, ваннами сидячими длиной 1200 мм с душем	куб. метр в месяц на человека	3,12
2	Многоквартирные и жилые дома с централизованным холодным и горячим водоснабжением, водоотведением, оборудованные унитазами, раковинами, мойками, ваннами длиной 1500-1550 мм с душем	куб. метр в месяц на человека	3,17
3	Многоквартирные и жилые дома с централизованным холодным и горячим водоснабжением, водоотведением, оборудованные унитазами, раковинами, мойками, ваннами длиной 1650-1700 мм с душем	куб. метр в месяц на человека	3,23
4	Многоквартирные и жилые дома с централизованным холодным и горячим водоснабжением, водоотведением, оборудованные унитазами, раковинами, мойками, ваннами без душа	куб. метр в месяц на человека	1,64
5	Многоквартирные и жилые дома с централизованным холодным и горячим водоснабжением, водоотведением, оборудованные унитазами, раковинами, мойками, душем	куб. метр в месяц на человека	2,57
6	Многоквартирные и жилые дома с централизованным холодным водоснабжением, водонагревателями, водоотведением, оборудованные унитазами, раковинами, мойками, душами и ваннами сидячими длиной 1200 мм с душем	куб. метр в месяц на человека	x
7	Многоквартирные и жилые дома с централизованным холодным водоснабжением, водонагревателями, водоотведением, оборудованные унитазами, раковинами, мойками, душами и ваннами длиной 1500-1550 мм с душем	куб. метр в месяц на человека	x
8	Многоквартирные и жилые дома с централизованным холодным водоснабжением, водонагревателями, водоотведением, оборудованные унитазами, раковинами, мойками, душами и ваннами длиной 1650-1700 мм с душем	куб. метр в месяц на человека	x
9	Многоквартирные и жилые дома с централизованным холодным водоснабжением, водонагревателями, водоотведением, оборудованные унитазами, раковинами, мойками, душами и ваннами без душа	куб. метр в месяц на человека	x
10	Многоквартирные и жилые дома с централизованным холодным водоснабжением, водонагревателями, водоотведением, оборудованные унитазами, раковинами, мойками, душами	куб. метр в месяц на человека	x
11	Многоквартирные и жилые дома без водонагревателей с водопроводом и канализацией, оборудованные раковинами, мойками и унитазами	куб. метр в месяц на человека	x
12	Многоквартирные и жилые дома без водонагревателей с централизованным холодным водоснабжением и водоотведением, оборудованные раковинами и мойками	куб. метр в месяц на человека	x
13.1	Многоквартирные и жилые дома с централизованным холодным водоснабжением, без централизованного водоотведения, оборудованные умывальниками, мойками, унитазами, ваннами сидячими длиной 1200 мм, душами	куб. метр в месяц на человека	x
13.2	Многоквартирные и жилые дома с централизованным холодным водоснабжением, без централизованного водоотведения, оборудованные умывальниками, мойками, унитазами, ваннами длиной 1500-1550 мм, душами	куб. метр в месяц на человека	x
13.3	Многоквартирные и жилые дома с централизованным холодным водоснабжением, без централизованного водоотведения, оборудованные умывальниками, мойками, унитазами, ваннами длиной 1650-1700 мм, душами	куб. метр в месяц на человека	x
13.4	Многоквартирные и жилые дома с централизованным холодным водоснабжением, без централизованного водоотведения, оборудованные умывальниками, мойками, унитазами, ваннами без душа	куб. метр в месяц на человека	x
14	Многоквартирные и жилые дома с централизованным холодным водоснабжением, без централизованного водоотведения, оборудованные умывальниками, мойками, унитазами	куб. метр в месяц на человека	x
15	Многоквартирные и жилые дома с водоразборной колонкой	куб. метр в месяц на человека	x
16	Дома, использующиеся в качестве общежитий, оборудованные мойками, раковинами, унитазами, с душевыми с централизованным холодным и горячим водоснабжением, водоотведением	куб. метр в месяц на человека	1,87
17	Многоквартирные и жилые дома с централизованным холодным водоснабжением, оборудованные умывальниками, мойками	куб. метр в месяц на человека	x
18	Многоквартирные и жилые дома с централизованным холодным и горячим водоснабжением, водоотведением, оборудованные унитазами, раковинами, мойками	куб. метр в месяц на человека	1,20
19	Многоквартирные и жилые дома с централизованным холодным водоснабжением, водоотведением, оборудованные унитазами, мойками	куб. метр в месяц на человека	x
20	Многоквартирные и жилые дома с централизованным холодным водоснабжением, водоотведением с водонагревателями, оборудованные умывальниками, мойками, унитазами	куб. метр в месяц на человека	x
21	Дома, использующиеся в качестве общежитий, с централизованным холодным водоснабжением и водоотведением, с водонагревателями, оборудованные мойками, раковинами, унитазами, с душевыми	куб. метр в месяц на человека	x
22	Дома, использующиеся в качестве общежитий, с централизованным холодным водоснабжением и водоотведением, оборудованные мойками, раковинами, унитазами	куб. метр в месяц на человека	x
","1. (Раменское) Распоряжение Министерства ЖКХ МО от 21.10.2020 N 403-РВ
""Об утверждении нормативов расхода тепловой энергии, используемой на подогрев холодной воды в целях предоставления коммунальной услуги по горячему водоснабжению, на территории Раменского городского округа Московской области""
        
Без наружной сети горячего водоснабжения
1. С изолированными стояками
1.1. С полотенцесушителями
Гкал на 1 куб. м 0,0599
1.2. Без полотенцесушителей
Гкал на 1 куб. м 0,0549
2. С неизолированными стояками
2.1. С полотенцесушителями
Гкал на 1 куб. м 0,0649
2.2. Без полотенцесушителей
Гкал на 1 куб. м 0,0599
 
2. (Жуковский) Распоряжение Министерства ЖКХ МО от 21.10.2020 N 392-РВ
""Об утверждении нормативов расхода тепловой энергии, используемой на подогрев холодной воды в целях предоставления коммунальной услуги по горячему водоснабжению, на территории городского округа Жуковский Московской области""

1. С неизолированными стояками
1.1. С полотенцесушителями
Гкал на 1 куб. м 0,0648
1.2. Без полотенцесушителей
Гкал на 1 куб. м 0,0599
 
3. (Бронницы) Распоряжение Министерства ЖКХ МО от 21.10.2020 N 394-РВ
""Об утверждении нормативов расхода тепловой энергии, используемой на подогрев холодной воды в целях предоставления коммунальной услуги по горячему водоснабжению, на территории городского округа Бронницы Московской области""

Без наружной сети горячего водоснабжения
1. С неизолированными стояками
1.1. С полотенцесушителями
Гкал на 1 куб. м 0,0624
1.2. Без полотенцесушителей
Гкал на 1 куб. м 0,0574",-,"Распоряжение Министерства жилищно-коммунального хозяйства Московской области от 20.09.2021 №431-РВ ""Об утверждении нормативов накопления твёрдых коммунальных отходов на территории Московской области""                                                                                              2.1.     Многоквартирные дома: твердые коммунальные отходы, за исключением крупногабаритных отходов
1 кв. метр общей площади            0,086 куб.м в год
2.2.     Многоквартирные дома: крупногабаритные отходы
1 кв. метр общей площади             0,028 куб.м в год
",,
Окружное управление социального развития №6,"Распоряжение Комитета по ценам и тарифам Московской области от 20.12.2023 № 313-Р ""Об установлении долгосрочных параметров регулирования и тарифов в сфере теплоснабжения на 2024-2028 годы для организаций на территории Московской области""","Закон Московской области от 22.10.2009 N 120/2009-ОЗ (ред. от 04.07.2024) ""О стандарте нормативной площади жилого помещения для предоставления субсидий и оказания мер социальной поддержки отдельным категориям граждан по оплате жилого помещения и коммунальных услуг на территории Московской области""","Распоряжение №736-РВ от 20.12.2019 ""Об утверждении нормативов потребления коммунальной услуги по электроснабжению в индивидуальных жилых домах""","Распоряжение Министерства ЖКХ МО от 20.10.2020 N 386-РВ
""Об утверждении нормативов потребления коммунальных услуг по холодному (горячему) водоснабжению, водоотведению в жилых помещениях на территории Московской области""
","Распоряжение Министерства ЖКХ МО от 20.10.2020 N 386-РВ
""Об утверждении нормативов потребления коммунальных услуг по холодному (горячему) водоснабжению, водоотведению в жилых помещениях на территории Московской области""
","Распоряжение от 20.09.2018 №190-РВ ""Об утверждении нормативов расхода тепловой энергии, используемой на подогрев холодной воды в целях предоставления коммунальной услуги по горячему водоснабжению, на территории городского округа Мытищи Московской области""

Распоряжение от 20.10.2020 № 385-РВ ""Об утверждении нормативов расхода тепловой энергии, используемой на подогрев холодной воды в целях предоставления коммунальной услуги по горячему водоснабжению, на территории городского округа Королева Московской области
",-,"Распоряжение Министерства от 20.09.2021 № 431-РВ «Об утверждении нормативов накопления твердых коммунальных отходов на территории Московской области».

Распоряжение 735-РВ от 20.12.2019 ""Об утверждении нормативов накопления твердых коммунальных отходов для индивидуальных жилых домов на территории Московской области """,,
Окружное управление социального развития №7,"Распоряжение Минстроя и ЖКХ МО от 23.08.2013 N 122 ""О внесении изменений в распоряжение Министерства строительного комплекса и жилищно-коммунального хозяйства Московской области от 31.08.2012 N 28 ""Об утверждении нормативов потребления коммунальных услуг в отношении холодного и горячего водоснабжения, водоотведения, электроснабжения и отопления""

НПА размещен на consultant.ru   

""9. НОРМАТИВЫ ПОТРЕБЛЕНИЯ КОММУНАЛЬНЫХ УСЛУГ
В ОТНОШЕНИИ ОТОПЛЕНИЯ 
  
(Гкал на 1 кв. м общей площади всех помещений 
в многоквартирном доме или жилого дома) 
Группы домов постройки до  1999 года     Нормативы потребления тепловой  энергии на отопление
1-этажные                                  0,0501 
2-этажные                                  0,0466 
3-4-этажные                               0,0289 
5-9-этажные                               0,0237 
14-этажные                                0,0248
15-этажные                                0,0251 
16 и более                                  0,0261
"" 
Группы домов постройки после   1999 года     Нормативы потребления тепловой  энергии на отопление
1-этажные                                0,0190
2-этажные                                0,0158
3-этажные                                0,0157
4-5-этажные                            0,0135
6-7-этажные                            0,0126
8-этажные                                0,0122
9-этажные                                0,0121
10-этажные                              0,0115
11-этажные                              0,0114
12 и более                               0,0113
","Стандарт нормативной площади жилого помещения в соответствии с Законом Московской области от 22.10.2009 N 120/2009-ОЗ (ред. от 04.07.2024) ""О стандарте нормативной площади жилого помещения для предоставления субсидий и оказания мер социальной поддержки отдельным категориям граждан по оплате жилого помещения и коммунальных услуг на территории Московской области"" (принят постановлением Мособлдумы от 15.10.2009 N 3/92-П)

НПА размещен на consultant.ru

Для одиноко проживающих граждан размер стандарта в размере 42 кв. метров общей площади жилого помещения, 21 кв. метра - на каждого члена семьи, состоящей из двух человек, 18 кв. метров - на каждого члена семьи, состоящей из трех и более человек, но не более фактического размера занимаемой ими общей площади жилого помещения.


 ",  -----   ,"Распоряжение Министерства ЖКХ МО от 20.10.2020 N 386-РВ ""Об утверждении нормативов потребления коммунальных услуг по холодному (горячему) водоснабжению, водоотведению в жилых помещениях на территории Московской области""

НПА размещен на consultant.ru
","Распоряжение Министерства ЖКХ МО от 20.10.2020 N 386-РВ ""Об утверждении нормативов потребления коммунальных услуг по холодному (горячему) водоснабжению, водоотведению в жилых помещениях на территории Московской области""

НПА размещен на consultant.ru
","Распоряжение Министерства ЖКХ МО от 20.11.2020 N 451-РВ ""Об утверждении нормативов расхода тепловой энергии, используемой на подогрев холодной воды в целях предоставления коммунальной услуги по горячему водоснабжению, на территории городского округа Лосино-Петровский Московской области.  

НПА размещен на consultant.ru
 

Распоряжение Министерства ЖКХ МО от 20.09.2018 N 192-РВ ""Об утверждении нормативов расхода тепловой энергии, используемой на подогрев холодной воды в целях предоставления коммунальной услуги по горячему водоснабжению, на территории городских поселений Щелково, Монино, Загорянский, сельских поселений Медвежье-Озерское, Трубинское, Гребневское, Огудневское Щелковского муниципального района Московской области"".  

НПА размещен на consultant.ru


Распоряжение Министерства ЖКХ МО от 20.09.2018 N 193-РВ ""Об утверждении нормативов расхода тепловой энергии, используемой на подогрев холодной воды в целях предоставления коммунальной услуги по горячему водоснабжению, на территории городского поселения Фряново Щелковского муниципального района Московской области""

НПА размещен на consultant.ru
", ---,"Распоряжение Министерства ЖКХ МО от 20.09.2021 N 431-РВ (ред. от 28.12.2024) ""Об утверждении нормативов накопления твердых коммунальных отходов на территории Московской области"" (для МКД).


 Распоряжение Министерства ЖКХ МО от 20.12.2019 N 735-РВ (ред. от 04.09.2023) ""Об утверждении нормативов накопления твердых коммунальных отходов для индивидуальных жилых домов на территории Московской области"" (ИЖС).   (https://tbo.mosreg.ru/tarify)

НПА размещен на consultant.ru
", ---,
Окружное управление социального развития №8,"Постановление главы Орехово-Зуевского района от 09.07.2004г. №808 норматив потребления тепловой энергии на отопление 1 кв.м. общей площади жилья в месяц -0,021 гкал.  Решение Совета депутатов городского округа Орехово-Зуево Московской области от 26.10.2006 №611/51 ""Об утверждении норм тепловой энергии на территории муниципального образования городского округа Орехово-Зуево Московской области"", Постановление главы Орехово-Зуевского района Московской области от 09.07.2004 №808 ""Об утверждении нормативов потребления коммунальных услуг населения"".                                                        На отопление- 0,0163 Гкал/кв.м.; На отопление (для общежитий)-0,0263 Гкал/кв.м. ","Стандарт нормативной площади жилого помещения в соответствии с Законом Московской области от 22.10.2009 N 120/2009-ОЗ (ред. от 04.07.2024) ""О стандарте нормативной площади жилого помещения для предоставления субсидий и оказания мер социальной поддержки отдельным категориям граждан по оплате жилого помещения и коммунальных услуг на территории Московской области"" (принят постановлением Мособлдумы от 15.10.2009 N 3/92-П)



Для одиноко проживающих граждан размер стандарта в размере 42 кв. метров общей площади жилого помещения, 21 кв. метра - на каждого члена семьи, состоящей из двух человек, 18 кв. метров - на каждого члена семьи, состоящей из трех и более человек, но не более фактического размера занимаемой ими общей площади жилого помещения.


 ","п.3, 4 Распоряжения Министерства жилищно-коммунального хозяйства Московской области от 20.12.2019 №736-РВ ""Об утверждении нормативов потребления коммунальной услуги по электроснабжению в индивидуальных жилых домах""     кВтч в месяц на человека                                                                                                                                                                                                  
3. Индивидуальные жилые дома, не оборудованные стационарными электроплитами, но оборудованные в установленном порядке электроотопительными и (или) электронагревательными установками для целей горячего водоснабжения, в отопительный период
Кол-во комнат /  кол-во человек, проживающих в помещении
                             1            2            3             4           5 и более
1                         334        207        160        130        113
2                         431        267        207        168        146
3                         487        302        234        190        166
4 и более           527        327        253        206        179
4. Индивидуальные жилые дома, не оборудованные стационарными электроплитами, но оборудованные в установленном порядке электроотопительными и (или) электронагревательными установками для целей горячего водоснабжения, вне отопительного периода                                                                                                             1                         231        143        111         90           79
2                         298        185        143        116        101
3                         338        209        162        132        115
4 и более           365        227        175        143        124

","Распоряжение Министерства ЖКХ МО от 20.10.2020 N 386-РВ ""Об утверждении нормативов потребления коммунальных услуг по холодному (горячему) водоснабжению, водоотведению в жилых помещениях на территории Московской области"". В жилых домах: Многоквартирные и жилые дома с централизованным холодным и горячим водоснабжением, водоотведением, оборудованные унитазами, раковинами, мойками, ваннами длиной 1500-1550 мм с душем - 4,29; Многоквартирные и жилые дома с централизованным холодным и горячим водоснабжением, водоотведением, оборудованные унитазами, раковинами, мойками, ваннами длиной 1650-1700мм с душем – 4,33; Многоквартирные и жилые дома с централизованным холодным и горячим водоснабжением, водоотведением, оборудованные унитазами, раковинами, мойками, душем - 3,79; Многоквартирные и жилые дома с централизованным холодным водоснабжением, водонагревателями, водоотведением, оборудованные унитазами, раковинами, мойками, душами - 6,36; Многоквартирные и жилые дома с централизованным холодным водоснабжением, водонагревателями, водоотведением, оборудованные унитазами, раковинами, мойками, душами и ваннами длиной 1500-1550 мм с душем - 7,46; Многоквартирные и жилые дома с централизованным холодным водоснабжением, водонагревателями, водоотведением, оборудованные унитазами, раковинами, мойками, душами и ваннами длиной 1650-1700 мм с душем  - 7,56; Многоквартирные и жилые дома без водонагревателей с водопроводом и канализацией, оборудованные раковинами, мойками и унитазами – 3,86; Многоквартирные и жилые дома с централизованным холодным водоснабжением, водоотведением, оборудованные унитазами, мойками - 1,72; Жилые здания, имеющие статус общежития: с водопроводом и канализацией, горячим водоснабжением, мойками, раковинами, унитазами ,оборудованные общими душевыми – 3,01","Распоряжение Министерства ЖКХ МО от 20.10.2020 N 386-РВ ""Об утверждении нормативов потребления коммунальных услуг по холодному (горячему) водоснабжению, водоотведению в жилых помещениях на территории Московской области"". В жилых домах: Многоквартирные и жилые дома с централизованным холодным и горячим водоснабжением, водоотведением, оборудованные унитазами, раковинами, мойками, ваннами длиной 1500-1550 мм с душем - 3,17; Многоквартирные и жилые дома с централизованным холодным и горячим водоснабжением, водоотведением, оборудованные унитазами, раковинами, мойками, ваннами длиной 1650-1700мм с душем – 3,23; Многоквартирные и жилые дома с централизованным холодным и горячим водоснабжением, водоотведением, оборудованные унитазами, раковинами, мойками, душем - 2,57;   Многоквартирные и жилые дома с централизованным холодным водоснабжением, водоотведением, оборудованные унитазами, мойками - 1,72; Дома, использующиеся в качестве общежитий, оборудованные мойками, раковинами, унитазами, с душевыми с централизованным холодным и горячим водоснабжением, водоотведением – 1,87.","Распоряжение от 21.10.2020 № 390-РВ ""Об утверждении нормативов расхода тепловой энергии, используемой на подогрев холодной воды в целях предоставления коммунальной услуги по горячему водоснабжению, на территории Орехово-Зуевского городского округа Московской области                                                                                                                      1. В домах с открытой системой горячего водоснабжения: с неизолированными стояками: с полотенцесушителями - 0,0639 Гкал на 1 куб.м.; без полотенцесушителей -  0,0599 Гкал на 1 куб.м. 2. В домах с закрытой системой горячего водоснабжения: с полотенцесушителями - 0,0639 Гкал на 1 куб.м.; без полотенцесушителей -  0,0599 Гкал на 1 куб.м. ",,"Распоряжение Министерства ЖКХ МО от 20.09.2021 №431-РВ ""Об утверждении нормативов накопления твёрдых коммунальных отходов на территории Московской области"". Годовой норматив накопления отходов в многоквартирных домах: твердые коммунальные отходы за исключением крупногабаритных отходов - 0,086 куб.м. на кв.м.",,
Окружное управление социального развития №9,"Решение Совета депутатов Шатурского муниципального района МО от 29.10.2008 N 9/33
 (ред. от 25.11.2009)
 ""О нормативах потребления коммунальных услуг населением Шатурского муниципального района"" 0,0170 Гкал/кв.м","Стандарт нормативной площади жилого помещения в соответствии с Законом Московской области от 22.10.2009 N 120/2009-ОЗ ""О стандарте нормативной площади жилого помещения для предоставления субсидий и оказания мер социальной поддержки отдельным категориям граждан по оплате жилого помещения и коммунальных услуг на территории Московской области""","п.3, 4, 5 Распоряжения Министерства жилищно-коммунального хозяйства Московской области от 20.12.2019 №736-РВ ""Об утверждении нормативов потребления коммунальной услуги по электроснабжению в индивидуальных жилых домах"" 
  кВтч в месяц на человека 
 3. Индивидуальные жилые дома, не оборудованные стационарными электроплитами, но оборудованные в установленном порядке электроотопительными и (или) электронагревательными установками для целей горячего водоснабжения, в отопительный период
 Кол-во комнат / кол-во человек, проживающих в помещении
  1 2 3 4 5 и более
 1 334 207 160 130 113
 2 431 267 207 168 146
 3 487 302 234 190 166
 4 и более 527 327 253 206 179
 4. Индивидуальные жилые дома, не оборудованные стационарными электроплитами, но оборудованные в установленном порядке электроотопительными и (или) электронагревательными установками для целей горячего водоснабжения, вне отопительного периода 1 231 143 111 90 79
 2 298 185 143 116 101
 3 338 209 162 132 115
 4 и более 365 227 175 143 124
 5. Индивидуальные жилые дома, оборудованные в установленном порядке стационарными электроплитами, электроотопительными и (или) электронагревательными установками для целей горячего водоснабжения 1 342 212 164 133 116
 2 404 250 194 157 137 3 441 274 212 172 150
 4 и более 469 291 225 183 159","Распоряжение Министерства ЖКХ МО от 20.10.2020 N 386-РВ
 ""Об утверждении нормативов потребления коммунальных услуг по холодному (горячему) водоснабжению, водоотведению в жилых помещениях на территории Московской области""","Распоряжение Министерства ЖКХ МО от 20.10.2020 N 386-РВ
 ""Об утверждении нормативов потребления коммунальных услуг по холодному (горячему) водоснабжению, водоотведению в жилых помещениях на территории Московской области""","Распоряжение Министерства ЖКХ МО от 20.09.2021 N 433-РВ
 ""Об утверждении нормативов расхода тепловой энергии, используемой на подогрев холодной воды в целях предоставления коммунальной услуги по горячему водоснабжению, на территории городского округа Шатура Московской области""  С полотенцесушителями -0,0624 Гкал на 1 куб. м., без  полотенцесушителей -0,0600 Гкал на 1 куб. м.
",-,"Распоряжение Министерства жилищно-коммунального хозяйства Московской области от 20.09.2021 №431-РВ ""Об утверждении нормативов накопления твёрдых коммунальных отходов на территории Московской области"" 2.1. Многоквартирные дома: твердые коммунальные отходы, за исключением крупногабаритных отходов
 1 кв. метр общей площади 0,086 куб.м в год
 2.2. Многоквартирные дома: крупногабаритные отходы
 1 кв. метр общей площади 0,028 куб.м в год         Распоряжение Министерства ЖКХ МО от 20.12.2019 N 735-РВ
 (ред. от 04.09.2023)
 ""Об утверждении нормативов накопления твердых коммунальных отходов для индивидуальных жилых домов на территории Московской области""",-,
Окружное управление социального развития №10,,"Решение Воскресенского муниципального района МО от 24.11.2006 N 183/НА ""О нормативах потребления коммунальных услуг, плате за жилое помещение и коммунальные услуги в 2007 году на территории Воскресенского муниципального района"" - 0.018 Гкал на 1 кв.м. общей площади.                                                                                                                                                                                                                           Решение Совета депутатов Егорьевского муниципального района МО от 26.09.2007 N 444/50 -
""Об установлении нормативов потребления коммунальных услуг""  -0,01657 Гкал на 1 кв.м. общей площади","Распоряжения Министерства жилищно-коммунального хозяйства Московской области от 20.12.2019 №736-РВ ""Об утверждении нормативов потребления коммунальной услуги по электроснабжению в индивидуальных жилых домах""   
                                        кВтч в месяц на человека                                                                                                                                                                                                  
3. Индивидуальные жилые дома, не оборудованные стационарными электроплитами, но оборудованные в установленном порядке электроотопительными и (или) электронагревательными установками для целей горячего водоснабжения, в отопительный период
Кол-во комнат /  кол-во человек, проживающих в помещении
                             1            2            3             4           5 и более
1                         334        207        160        130        113
2                         431        267        207        168        146
3                         487        302        234        190        166
4 и более           527        327        253        206        179
4. Индивидуальные жилые дома, не оборудованные стационарными электроплитами, но оборудованные в установленном порядке электроотопительными и (или) электронагревательными установками для целей горячего водоснабжения, вне отопительного периода                                                                                                             1                         231        143        111         90           79
2                         298        185        143        116        101
3                         338        209        162        132        115
4 и более           365        227        175        143        124
5. Индивидуальные жилые дома, оборудованные в установленном порядке стационарными электроплитами, электроотопительными и (или) электронагревательными установками для целей горячего водоснабжения                                                                                                                                                                       1                         342        212        164        133        116
2                         404        250        194        157        137                                                                                                                                                                                                              3                         441        274        212        172        150
4 и более           469        291        225        183        159
","Распоряжение Министерства ЖКХ МО от 20.10.2020 N 386-РВ ""Об утверждении нормативов потребления коммунальных услуг по холодному (горячему) водоснабжению, водоотведению в жилых помещениях на территории Московской области""  1. Многоквартирные и жилые дома с централизованным холодным и горячим водоснабжением, водоотведением, оборудованные унитазами, раковинами, мойками, ваннами сидячими длиной 1200 мм с душем (куб. метр в месяц на человека)    4,24
2. Многоквартирные и жилые дома с централизованным холодным и горячим водоснабжением, водоотведением, оборудованные унитазами, раковинами, мойками, ваннами длиной 1500-1550 мм с душем (куб. метр в месяц на человека) 4,29
3. Многоквартирные и жилые дома с централизованным холодным и горячим водоснабжением, водоотведением, оборудованные унитазами, раковинами, мойками, ваннами длиной 1650-1700 мм с душем (куб. метр в месяц на человека) 4,33
4. Многоквартирные и жилые дома с централизованным холодным и горячим водоснабжением, водоотведением, оборудованные унитазами, раковинами, мойками, ваннами без душа (куб. метр в месяц на человека) 3,02
5. Многоквартирные и жилые дома с централизованным холодным и горячим водоснабжением, водоотведением, оборудованные унитазами, раковинами, мойками, душем (куб. метр в месяц на человека) 3,79
6. Многоквартирные и жилые дома с централизованным холодным водоснабжением, водонагревателями, водоотведением, оборудованные унитазами, раковинами, мойками, душами и ваннами сидячими длиной 1200 мм с душем (куб. метр в месяц на человека)  7,36
7. Многоквартирные и жилые дома с централизованным холодным водоснабжением, водонагревателями, водоотведением, оборудованные унитазами, раковинами, мойками, душами и ваннами длиной 1500-1550 мм с душем (куб. метр в месяц на человека) 7,46
8. Многоквартирные и жилые дома с централизованным холодным водоснабжением, водонагревателями, водоотведением, оборудованные унитазами, раковинами, мойками, душами и ваннами длиной 1650-1700 мм с душем (куб. метр в месяц на человека) 7,56
9. Многоквартирные и жилые дома с централизованным холодным водоснабжением, водонагревателями, водоотведением, оборудованные унитазами, раковинами, мойками, душами и ваннами без душа (куб. метр в месяц на человека) 7,16
10. Многоквартирные и жилые дома с централизованным холодным водоснабжением, водонагревателями, водоотведением, оборудованные унитазами, раковинами, мойками, душами (куб. метр в месяц на человека) 6,36
11. Многоквартирные и жилые дома без водонагревателей с водопроводом и канализацией, оборудованные раковинами, мойками и унитазами(куб. метр в месяц на человека) 3,86
12. Многоквартирные и жилые дома без водонагревателей с централизованным холодным водоснабжением и водоотведением, оборудованные раковинами и мойками (куб. метр в месяц на человека) 3,15
13.1 Многоквартирные и жилые дома с централизованным холодным водоснабжением, без централизованного водоотведения, оборудованные умывальниками, мойками, унитазами, ваннами сидячими длиной 1200 мм, душами (куб. метр в месяц на человека) 5,22
13.2 Многоквартирные и жилые дома с централизованным холодным водоснабжением, без централизованного водоотведения, оборудованные умывальниками, мойками, унитазами, ваннами длиной 1500-1550 мм, душами (куб. метр в месяц на человека) 5,32
13.3 Многоквартирные и жилые дома с централизованным холодным водоснабжением, без централизованного водоотведения, оборудованные умывальниками, мойками, унитазами, ваннами длиной 1650-1700 мм, душами (куб. метр в месяц на человека) 5,42
13.4 Многоквартирные и жилые дома с централизованным холодным водоснабжением, без централизованного водоотведения, оборудованные умывальниками, мойками, унитазами, ваннами без душа(куб. метр в месяц на человека) 2,52
14. Многоквартирные и жилые дома с централизованным холодным водоснабжением, без централизованного водоотведения, оборудованные умывальниками, мойками, унитазами (куб. метр в месяц на человека) 1,72
15. Многоквартирные и жилые дома с водоразборной колонкой (куб. метр в месяц на человека) 1,22
16. Дома, использующиеся в качестве общежитий, оборудованные мойками, раковинами, унитазами, с душевыми с централизованным холодным и горячим водоснабжением, водоотведением (куб. метр в месяц на человека) 3,01
17. Многоквартирные и жилые дома с централизованным холодным водоснабжением, оборудованные умывальниками, мойками(куб. метр в месяц на человека) 1,01
18. Многоквартирные и жилые дома с централизованным холодным и горячим водоснабжением, водоотведением, оборудованные унитазами, раковинами, мойками (куб. метр в месяц на человека) 2,66
19. Многоквартирные и жилые дома с централизованным холодным водоснабжением, водоотведением, оборудованные унитазами, мойками(куб. метр в месяц на человека) 1,72
20. Многоквартирные и жилые дома с централизованным холодным водоснабжением, водоотведением с водонагревателями, оборудованные умывальниками, мойками, унитазами (куб. метр в месяц на человека) 1,72
21. Дома, использующиеся в качестве общежитий, с централизованным холодным водоснабжением и водоотведением, с водонагревателями, оборудованные мойками, раковинами, унитазами, с душевыми (куб. метр в месяц на человека) 4,88
22. Дома, использующиеся в качестве общежитий, с централизованным холодным водоснабжением и водоотведением, оборудованные мойками, раковинами, унитазами (куб. метр в месяц на человека) 3,18
","Распоряжение Министерства ЖКХ МО от 20.10.2020 N 386-РВ ""Об утверждении нормативов потребления коммунальных услуг по холодному (горячему) водоснабжению, водоотведению в жилых помещениях на территории Московской области""                                                                                       1. Многоквартирные и жилые дома с централизованным холодным и горячим водоснабжением, водоотведением, оборудованные унитазами, раковинами, мойками, ваннами сидячими длиной 1200 мм с душем (куб. метр в месяц на человека)    3,12
2. Многоквартирные и жилые дома с централизованным холодным и горячим водоснабжением, водоотведением, оборудованные унитазами, раковинами, мойками, ваннами длиной 1500-1550 мм с душем (куб. метр в месяц на человека)  3,17
3. Многоквартирные и жилые дома с централизованным холодным и горячим водоснабжением, водоотведением, оборудованные унитазами, раковинами, мойками, ваннами длиной 1650-1700 мм с душем (куб. метр в месяц на человека) 3,23
4. Многоквартирные и жилые дома с централизованным холодным и горячим водоснабжением, водоотведением, оборудованные унитазами, раковинами, мойками, ваннами без душа (куб. метр в месяц на человека) 1,64
5. Многоквартирные и жилые дома с централизованным холодным и горячим водоснабжением, водоотведением, оборудованные унитазами, раковинами, мойками, душем (куб. метр в месяц на человека) 2,57
6. Дома, использующиеся в качестве общежитий, оборудованные мойками, раковинами, унитазами, с душевыми с централизованным холодным и горячим водоснабжением, водоотведением (куб. метр в месяц на человека) 1,87
7. Многоквартирные и жилые дома с централизованным холодным и горячим водоснабжением, водоотведением, оборудованные унитазами, раковинами, мойками (куб. метр в месяц на человека) 1,20
","Распоряжение Министерства ЖКХ МО от 21.10.2020 N 396-РВ ""Об утверждении нормативов расхода тепловой энергии, используемой на подогрев холодной воды в целях предоставления коммунальной услуги по горячему водоснабжению, на территории городского округа Воскресенск Московской области""                                                                                                                                                                                                                                                                1. с полотенцесушителями                                                                                                                                                                                                                        открытая система горячего водоснабжения - 0,0649 Гкал на 1 куб. м.;                                                                                                                              закрытая система горячего водоснабжения -  0,0649 Гкал на 1 куб. м.                                                                                                                                         2.  Без полотенцесушителей
открытая система горячего водоснабжения - 0,0599 Гкал на 1 куб. м.;                                                                                                                              закрытая система горячего водоснабжения -  0,0599 Гкал на 1 куб. м.                                                                                                                                                                                                                     Распоряжение Министерства ЖКХ МО от 20.06.2017 N 92-РВ ""Об утверждении нормативов расхода тепловой энергии, используемой на подогрев холодной воды в целях предоставления коммунальной услуги по горячему водоснабжению, на территории городского округа Егорьевск Московской области""                                                                                                                                                                                                                                                1. с полотенцесушителями                                                                                                                                                                                                    открытая система горячего водоснабжения - 0,0684 Гкал на 1 куб. м.;                                                                                                                                     закрытая система горячего водоснабжения -  0,0684 Гкал на 1 куб. м.



",не применяется,"Распоряжением Министерства ЖКХ МО от 20.12.2019 N 735-РВ (ред. от 04.09.2023) ""Об утверждении нормативов накопления твердых коммунальных отходов для индивидуальных жилых домов на территории Московской области""
                                       кв. м                 Норматив,       Включая КГО,  
                                                                    куб. м/кв.м   куб. м/кв.м             
1        ИЖС   1 кв. м.        до 50                       0,1140         0,0270 
2        ИЖС   1 кв. м         от 51 до 100           0,1140         0,0270 
3        ИЖС   1 кв. м         от 101 до 150         0,1000         0,0237 
4        ИЖС   1 кв. м         от 151 до 250         0,0753         0,0178 
5        ИЖС   1 кв. м         от 251 до 350         0,0566         0,0134 
6        ИЖС   1 кв. м         от 351 до 450         0,0426         0,0101 
7        ИЖС   1 кв. м         от 451 до 500         0,0320         0,0076 
8        ИЖС   1 кв. м         от 501 и более       0,0248         0,0059 
  с применением понижающих коэффициентов в зависимости от площади жилья. 


Многоквартирные дома:                                                                                                                                                                                                                               Распоряжение Министерства ЖКХ МО от 20.09.2021 N 431-РВ (ред. от 28.12.2024) ""Об утверждении нормативов накопления твердых коммунальных отходов на территории Московской области"": 
    на твердые коммунальные отходы за исключением крупногабаритных отходов: 0,086 м2 в год;
    на крупногабаритные отходы: 0,028 м2 в год .


",,
Окружное управление социального развития №11,,"0,0175 Гкал/кв.м - утвержден Постановленем Главы города Коломны Московской области №743 от 24.12.2003г. ""О нормативах на жилищно-коммунальные услуги"" ","В индивидуальны жилых домах, не оборудованных стационарными электроплитами, но оборудованных в установленном порядке электроотопительными и (или) электронагревательными установками для целей горячего водоснабжения, вне отопительного периода, кВтч на человека в месяц:                                                                                                                                              При количестве проживающих 1 человек и количестве комнат 1 - 231        
При количестве проживающих 1 человек и количестве комнат 2 - 298 
При количестве проживающих 1 человек и количестве комнат 3 - 338
При количестве проживающих 1 человек и количестве комнат 4 и более - 365
При количестве проживающих 2 человека и количестве комнат 1 - 143       
При количестве проживающих 2 человека и количестве комнат 2 - 185
При количестве проживающих 2 человека и количестве комнат 3 - 209
При количестве проживающих 2 человека и количестве комнат 4 и более - 227
При количестве проживающих 3 человека и количестве комнат 1 - 111      
При количестве проживающих 3 человека и количестве комнат 2 - 143
При количестве проживающих 3 человека и количестве комнат 3 - 162
При количестве проживающих 3 человека и количестве комнат 4 и более - 175
При количестве проживающих 4человека и количестве комнат 1 - 90      
При количестве проживающих 4человека и количестве комнат 2 - 116
При количестве проживающих 4человека и количестве комнат 3 - 132
При количестве проживающих 4человека и количестве комнат 4 и более - 143                                                                                                                                                                                                   При количестве проживающих 5 человек и более и количестве комнат 1 - 79      
При количестве проживающих 5 человек и более и количестве комнат 2 - 101
При количестве проживающих 5 человек и более и количестве комнат 3 - 115
При количестве проживающих 5 человек и более и количестве комнат 4 и более - 124                                                                                                                                                                              В индивидуальны жилых домах, оборудованных в установленном порядке стационарными электроплитами, электроотопительными и (или) электронагревательными установками для целей горячего водоснабжения, кВтч на человека в месяц:                                                                                                                                                                                                                                      При количестве проживающих 1 человек и количестве комнат 1 - 342       
При количестве проживающих 1 человек и количестве комнат 2 - 404 
При количестве проживающих 1 человек и количестве комнат 3 - 441
При количестве проживающих 1 человек и количестве комнат 4 и более - 469
При количестве проживающих 2 человека и количестве комнат 1 - 215      
При количестве проживающих 2 человека и количестве комнат 2 - 250
При количестве проживающих 2 человека и количестве комнат 3 - 274
При количестве проживающих 2 человека и количестве комнат 4 и более - 291
При количестве проживающих 3 человека и количестве комнат 1 - 164      
При количестве проживающих 3 человека и количестве комнат 2 - 194
При количестве проживающих 3 человека и количестве комнат 3 - 212
При количестве проживающих 3 человека и количестве комнат 4 и более - 225
При количестве проживающих 4человека и количестве комнат 1 - 133      
При количестве проживающих 4человека и количестве комнат 2 - 157
При количестве проживающих 4человека и количестве комнат 3 - 172
При количестве проживающих 4человека и количестве комнат 4 и более - 183                                                                                                                                                                                                   При количестве проживающих 5 человек и более и количестве комнат 1 - 116      
При количестве проживающих 5 человек и более и количестве комнат 2 - 137
При количестве проживающих 5 человек и более и количестве комнат 3 - 150
При количестве проживающих 5 человек и более и количестве комнат 4 и более - 159 Утверждены Распоряжением Министерства жилищно-коммунального хозяйства Московской области №736-РВ от 20.12.2019г.","Многоквартирные и жилые дома с централизованным холодным и горячим водоснабжением, водоотведением, оборудованные унитазами, раковинами, мойками, ваннами длиной 1500-1550 мм с душем - 4,29 ;                                                                                                                                                 Многоквартирные и жилые дома с централизованным холодным и горячим водоснабжением, водоотведением, оборудованные унитазами, раковинами, мойками, ваннами длиной 1650-1700мм с душем – 4,33;                                                                                                                                                       Многоквартирные и жилые дома с централизованным холодным водоснабжением, водонагревателями, водоотведением, оборудованные унитазами, раковинами, мойками, душами и ваннами длиной 1650-1700 мм с душем  - 7,56;                                                                                                               Многоквартирные и жилые дома с централизованным холодным водоснабжением, водонагревателями, водоотведением, оборудованные унитазами, раковинами, мойками, душами и ваннами без душа  - 7,16;                                                                                                                                                    Многоквартирные и жилые дома с централизованным холодным водоснабжением, водонагревателями, водоотведением, оборудованные унитазами, раковинами, мойками, душами - 6,36; 
Многоквартирные и жилые дома без водонагревателей с водопроводом и канализацией, оборудованные раковинами, мойками и унитазами – 3,86; Многоквартирные и жилые дома с централизованным холодным водоснабжением, без централизованного водоотведения, оборудованные умывальниками, мойками, унитазами, ваннами сидячими длиной 1200 мм, душами – 5,22;                                                                                                                          Многоквартирные и жилые дома с централизованным холодным водоснабжением, без централизованного водоотведения, оборудованные умывальниками, мойками, унитазами, ваннами длиной 1500-1550 мм, душами – 5,32;                                                                                                                           Многоквартирные и жилые дома с централизованным холодным водоснабжением, без централизованного водоотведения, оборудованные умывальниками, мойками, унитазами, ваннами длиной 1650-1700 мм, душами– 5,42;                                                                                                                                Многоквартирные и жилые дома с централизованным холодным водоснабжением, без централизованного водоотведения, оборудованные умывальниками, мойками, унитазами, ваннами без душа - 2,52;                                                                                                                                                                    Многоквартирные и жилые дома с централизованным холодным водоснабжением, водоотведением, оборудованные унитазами, мойками - 1,72;        Многоквартирные и жилые дома с водоразборной колонкой - 1,22;                                                                                                                                  Многоквартирные и жилые дома с централизованным холодным водоснабжением, оборудованные умывальниками, мойками - 1,01;                        Многоквартирные и жилые дома с централизованным холодным водоснабжением, водоотведением, оборудованные унитазами, мойками - 1,72;  Многоквартирные и жилые дома с централизованным холодным водоснабжением, водоотведением с водонагревателями, оборудованные умывальниками, мойками, унитазами - 1,72 .                                                                                                                                                                                                                         Утверждены распоряжением Министерства жилищно-коммунального хозяйства Московской области от 20 октября 2020 г. N 386-РВ




     ","Многоквартирные и жилые дома с централизованным холодным и горячим водоснабжением, водоотведением, оборудованные унитазами, раковинами, мойками, ваннами длиной 1500-1550 мм с душем - 3,17 ;                                                                                                                                                 Многоквартирные и жилые дома с централизованным холодным и горячим водоснабжением, водоотведением, оборудованные унитазами, раковинами, мойками, ваннами длиной 1650-1700мм с душем – 3,23;                                                                                                                                                                                                                                                                                                                                                  Утверждены распоряжением Министерства жилищно-коммунального хозяйства Московской области от 20 октября 2020 г. N 386-РВ","0,0652 гкал на 1 куб. м - норматив расхода тепловой энергии, используемой на подогрев холодной воды в целях предоставления коммунальной услуги по горячему водоснабжению в открытой и закрытой системе горячего водоснабжения с полотенцесушителями на территории городского округа Коломна Московской области утвержден распоряжением Министерства жилищно-коммунального хозяйства Московской области от 20 июня 2022 г. N 190-РВ.
",,"0 0095 куб.м с кв.м в ИЖС - распоряжение Мин. ЖКХ Моск. Обл. от 20.09.2021 № 431-рв «Об утверждении нормативов накопления твердых коммунальных отходов на территории московской области» (для организаций и МКД). Распоряжение 735-рв от 20.12.2019 ""Об утверждении нормативов накопления твердых коммунальных отходов для индивидуальных жилых домов на территории московской области "" (для ИЖС).",,
Окружное управление социального развития №12,не применяется,"Норматив, утвержденный Постановлением главы Зарайского муниципального района МО от 29.07.2010 N 1134/7 ""О нормативах потребления коммунальных услуг потребителями Зарайского муниципального района"" 
   Отопление – 0,017 Гкал на кв.м общей площади

Норматив, утвержденный Решением Совета депутатов Луховицкого муниципального района Московской области от 24.08.2006 № 391/43 «О нормативах потребления коммунальных услуг в Луховицком районе»
   Отопление – 0,01596 Гкал на кв.м общей площади
           в общежитиях – 0,089 Гкал на 1м2

Норматив, утвержденный  Решением Совета депутатов Серебряно-Прудского района Московской области от 22.02.2005 № 196/30 «Об утверждении нормативов в системе жилищно-коммунального хозяйства»
   Отопление – 0,019 Гкал на кв.м общей площади
","   Нормативы потребления коммунальной услуги по электроснабжению в индивидуальных жилых домах, утвержденный Распоряжением Министерства ЖКХ МО от 20.12.2019 N 736-РВ ""Об утверждении нормативов потребления коммунальной услуги по электроснабжению в индивидуальных жилых домах"" 
 Индивидуальные жилые дома, не оборудованные стационарными электроплитами, но оборудованные в установленном порядке электроотопительными и (или) электронагревательными установками для целей горячего водоснабжения, в отопительный период
 -Индивидуальные жилые дома, не оборудованные стационарными электроплитами, но оборудованные в установленном порядке электроотопительными и (или) электронагревательными установками для целей горячего водоснабжения, в отопительный период
Кол-во комнат/
кол-во человек 
      1          2         3      4       5
 1  334    207    160   130   113 
 2  431    267    207   168   146 
 3  487    302    234   190   166
>4 527    327    253   206   179

  - Индивидуальные жилые дома, не оборудованные стационарными электроплитами, но оборудованные в установленном порядке электроотопительными и (или) электронагревательными установками для целей горячего водоснабжения, вне отопительного периода
Кол-во комнат/
кол-во человек 
      1          2         3      4       5
 1  231    143    111     90     79
 2  298    185    143   116   101 
 3  338    209    162   132   115
>4 365    227    175   143   124

 -  Индивидуальные жилые дома, оборудованные в установленном порядке стационарными электроплитами, электроотопительными и (или) электронагревательными установками для целей горячего водоснабжения  кВТЧ в мес. на человека:
Кол-во комнат/
кол-во человек 
      1          2         3      4       5
 1  342     212    164   133   116 
 2  404     250    194   157   137 
 3  441     274    212   172   150 
>4 469     291    225   183   159 ","Нормативы, утвержденные Распоряжением Министерства ЖКХ МО от 20.10.2020 N 386-РВ ""Об утверждении нормативов потребления коммунальных услуг по холодному (горячему) водоснабжению, водоотведению в жилых помещениях на территории Московской области"" 

4,24  м2 в месяц с чел. -Многоквартирные и жилые дома с централизованным холодным и горячим водоснабжением, водоотведением, оборудованные унитазами, раковинами, мойками, ваннами сидячими длиной 1200 мм с душем
4,29 м2 в месяц с чел. Многоквартирные и жилые дома с централизованным холодным и горячим водоснабжением, водоотведением, оборудованные унитазами, раковинами, мойками, ваннами длиной 1500-1550 мм с душем
4,33 м2 в месяц с чел
Многоквартирные и жилые дома с централизованным холодным и горячим водоснабжением, водоотведением, оборудованные унитазами, раковинами, мойками, ваннами длиной 1650-1700 мм с душем
3,02 м2 в месяц с чел- Многоквартирные и жилые дома с централизованным холодным и горячим водоснабжением, водоотведением, оборудованные унитазами, раковинами, мойками, ваннами без душа
3,79 м2 в месяц с чел -Многоквартирные и жилые дома с централизованным холодным и горячим водоснабжением, водоотведением, оборудованные унитазами, раковинами, мойками, душем
7,36 м2 в месяц с чел- Многоквартирные и жилые дома с централизованным холодным водоснабжением, водонагревателями, водоотведением, оборудованные унитазами, раковинами, мойками, душами и ваннами сидячими длиной 1200 мм с душем
7,46 м2 в месяц с чел- Многоквартирные и жилые дома с централизованным холодным водоснабжением, водонагревателями, водоотведением, оборудованные унитазами, раковинами, мойками, душами и ваннами длиной 1500-1550 мм с душем
7,56 м2 в месяц с чел- Многоквартирные и жилые дома с централизованным холодным водоснабжением, водонагревателями, водоотведением, оборудованные унитазами, раковинами, мойками, душами и ваннами длиной 1650-1700 мм с душем
7,16 м2 в месяц с чел- Многоквартирные и жилые дома с централизованным холодным водоснабжением, водонагревателями, водоотведением, оборудованные унитазами, раковинами, мойками, душами и ваннами без душа
6,36 м2 в месяц с чел- Многоквартирные и жилые дома с централизованным холодным водоснабжением, водонагревателями, водоотведением, оборудованные унитазами, раковинами, мойками, душами
3,86 м2 в месяц с чел- Многоквартирные и жилые дома без водонагревателей с водопроводом и канализацией, оборудованные раковинами, мойками и унитазами
3,15 м2 в месяц с чел- Многоквартирные и жилые дома без водонагревателей с централизованным холодным водоснабжением и водоотведением, оборудованные раковинами и мойками
5,22 м2 в месяц с чел -Многоквартирные и жилые дома с централизованным холодным водоснабжением, без централизованного водоотведения, оборудованные умывальниками, мойками, унитазами, ваннами сидячими длиной 1200 мм, душами
5,32 м2 в месяц с чел- Многоквартирные и жилые дома с централизованным холодным водоснабжением, без централизованного водоотведения, оборудованные умывальниками, мойками, унитазами, ваннами длиной 1500-1550 мм, душами
5,42 м2 в месяц с чел-  Многоквартирные и жилые дома с централизованным холодным водоснабжением, без централизованного водоотведения, оборудованные умывальниками, мойками, унитазами, ваннами длиной 1650-1700 мм, душами
2,52 м2 в месяц с чел -Многоквартирные и жилые дома с централизованным холодным водоснабжением, без централизованного водоотведения, оборудованные умывальниками, мойками, унитазами, ваннами без душа
1,72 м2 в месяц с чел- Многоквартирные и жилые дома с централизованным холодным водоснабжением, без централизованного водоотведения, оборудованные умывальниками, мойками, унитазами
1,22 м2 в месяц с чел-  Многоквартирные и жилые дома с водоразборной колонкой
куб. метр в месяц на человека
3,01 м2 в месяц с чел -Дома, использующиеся в качестве общежитий, оборудованные мойками, раковинами, унитазами, с душевыми с централизованным холодным и горячим водоснабжением, водоотведением
1,01 м2 в месяц с чел - Многоквартирные и жилые дома с централизованным холодным водоснабжением, оборудованные умывальниками, мойками
2,66 м2 в месяц с чел - Многоквартирные и жилые дома с централизованным холодным и горячим водоснабжением, водоотведением, оборудованные унитазами, раковинами, мойками

1,72 м2 в месяц с чел- Многоквартирные и жилые дома с централизованным холодным водоснабжением, водоотведением, оборудованные унитазами, мойками
1,72 м2 в месяц с чел -Многоквартирные и жилые дома с централизованным холодным водоснабжением, водоотведением с водонагревателями, оборудованные умывальниками, мойками, унитазами
4,88 м2 в месяц с чел -Дома, использующиеся в качестве общежитий, с централизованным холодным водоснабжением и водоотведением, с водонагревателями, оборудованные мойками, раковинами, унитазами, с душевыми
3,18  м2 в месяц с чел -Дома, использующиеся в качестве общежитий, с централизованным холодным водоснабжением и водоотведением, оборудованные мойками, раковинами, унитазами
","Нормативы, утвержденные Распоряжением Министерства ЖКХ МО от 20.10.2020 N 386-РВ ""Об утверждении нормативов потребления коммунальных услуг по холодному (горячему) водоснабжению, водоотведению в жилых помещениях на территории Московской области"" 

3,12 м2 в месяц с чел-  Многоквартирные и жилые дома с централизованным холодным и горячим водоснабжением, водоотведением, оборудованные унитазами, раковинами, мойками, ваннами сидячими длиной 1200 мм с душем
3,17 м2 в месяц с чел-  Многоквартирные и жилые дома с централизованным холодным и горячим водоснабжением, водоотведением, оборудованные унитазами, раковинами, мойками, ваннами длиной 1500-1550 мм с душем
3,23 м2 в месяц с чел- Многоквартирные и жилые дома с централизованным холодным и горячим водоснабжением, водоотведением, оборудованные унитазами, раковинами, мойками, ваннами длиной 1650-1700 мм с душем
1,64 м2 в месяц с чел - Многоквартирные и жилые дома с централизованным холодным и горячим водоснабжением, водоотведением, оборудованные унитазами, раковинами, мойками, ваннами без душа
2,57 м2 в месяц с чел -Многоквартирные и жилые дома с централизованным холодным и горячим водоснабжением, водоотведением, оборудованные унитазами, раковинами, мойками, душем
1,87 м2 в месяц с чел -Дома, использующиеся в качестве общежитий, оборудованные мойками, раковинами, унитазами, с душевыми с централизованным холодным и горячим водоснабжением, водоотведением
1,20 м2 в месяц с чел -Многоквартирные и жилые дома с централизованным холодным и горячим водоснабжением, водоотведением, оборудованные унитазами, раковинами, мойками
куб. метр в месяц на человека

","Нормативы расхода тепловой энергии, используемые на подогрев воды, утвержденные Распоряжением Министерства ЖКХ МО от 20.06.2019 N 338-РВ ""Об утверждении нормативов расхода тепловой энергии, используемой на подогрев холодной воды в целях предоставления коммунальной услуги по горячему водоснабжению, на территории городского округа Луховицы Московской области"" :
-закрытая система горячего водоснабжения без наружной сети горячего водоснабжения с неизолированными стояками:
С полотенцесушителями - 0,0648 Гкал на 1 м2.
Без полотенцесушителями -0,0600 Гкал на 1 м2
    Нормативы расхода тепловой энергии, используемые на подогрев воды, утвержденные Распоряжением Министерства ЖКХ МО от 20.10.2020 N 381-РВ ""Об утверждении нормативов расхода тепловой энергии, используемой на подогрев холодной воды в целях предоставления коммунальной услуги по горячему водоснабжению, на территории городского округа Зарайск Московской области"" 
 -закрытая система горячего водоснабжения без наружной сети горячего водоснабжения с неизолированными стояками:
С полотенцесушителями - 0,0648 Гкал на 1 м2.
Без полотенцесушителями -0,0600 Гкал на 1 м2
-открытая система горячего водоснабжения без наружной сети горячего водоснабжения с неизолированными стояками:
С полотенцесушителями - 0,0648 Гкал на 1 м2.
Без полотенцесушителями -0,0600 Гкал на 1 м2
         Нормативы расхода тепловой энергии, используемые на подогрев воды, утвержденные  Распоряжением Министерства ЖКХ МО от 20.10.2020 N 383-РВ ""Об утверждении нормативов расхода тепловой энергии, используемой на подогрев холодной воды в целях предоставления коммунальной услуги по горячему водоснабжению, на территории городского округа Серебряные Пруды Московской области""  
-закрытая система горячего водоснабжения без наружной сети горячего водоснабжения с неизолированными стояками:
С полотенцесушителями - 0,0648 Гкал на 1 м2.
Без полотенцесушителями -0,0602 Гкал на 1 м2
",не применяется,"      Индивидуальное жилищное строительство: 
   Нормативы, утвержденные Распоряжением Министерства ЖКХ МО от 20.12.2019 N 735-РВ (ред. от 04.09.2023) ""Об утверждении нормативов накопления твердых коммунальных отходов для индивидуальных жилых домов на территории Московской области""
                                       кв. м                 Норматив,       Включая КГО,  
                                                                    куб. м/кв.м   куб. м/кв.м             
1        ИЖС   1 кв. м.        до 50                       0,1140         0,0270 
2        ИЖС   1 кв. м         от 51 до 100           0,1140         0,0270 
3        ИЖС   1 кв. м         от 101 до 150         0,1000         0,0237 
4        ИЖС   1 кв. м         от 151 до 250         0,0753         0,0178 
5        ИЖС   1 кв. м         от 251 до 350         0,0566         0,0134 
6        ИЖС   1 кв. м         от 351 до 450         0,0426         0,0101 
7        ИЖС   1 кв. м         от 451 до 500         0,0320         0,0076 
8        ИЖС   1 кв. м         от 501 и более       0,0248         0,0059 
  с применением понижающих коэффициентов в зависимости от площади жилья. 


    Многоквартирные дома:
Нормативы, утвержденные Распоряжение Министерства ЖКХ МО от 20.09.2021 N 431-РВ (ред. от 28.12.2024) ""Об утверждении нормативов накопления твердых коммунальных отходов на территории Московской области"": 
    на твердые коммунальные отходы за исключением крупногабаритных отходов: 0,086 м2 в год;
  на крупногабаритные отходы: 0,028 м2 в год .



",не применяется,
Окружное управление социального развития №13,"Норматив потребления тепловой энергии-0,0185 Гкал/кв. м/месяц; норматив потребления тепловой энергии на отопление в месяц-0,02 Гкал/кв. м/месяц. Постановление главы городского поселения Кашира Каширского муниципального района МО от 29.01.2010 N 50-гп (ред. от 13.05.2010) ""Об утверждении на территории городского поселения Кашира нормативов потребления жилищно-коммунальных услуг населением"". Постановление главы Каширского муниципального района Московской области от 23 марта 2009 г. N 316-пг (ред. от 20.11.2020) ""Об отмене п. 1 в части норматива потребления тепловой энергии на отопление и внесении изменений и дополнений в п. 1 в части норматива потребления на водоснабжение постановления от 29.08.2008 N 788-пг ""О внесении изменений и дополнений в постановления от 29.12.1997 N157-пг ""Об утверждении на территории Каширского района нормативов потребления жилищно-коммунальных услуг населением"" и от 08.08.2007 N 549-пг ""О внесении изменений и дополнений в постановление от 29.12.1997 N 157-пг ""Об утверждении на территории Каширского района нормативов потребления жилищно-коммунальных услуг населением"".

","Отопление на общую площадь жилья в многоквартирных домах из расчета 7 месяцев-0,036 Гкал/кв. м; отопление на общую площадь жилья в многоквартирных домах из расчета 12 месяцев-0,021 Гкал/кв. м. Дифференцированные расчётные значения нормативов потребления тепловой энергии на отопление согласно этажности жилых домов составили: постройка до 1999 г.
- 1-но этаж. - 0,029 Гкал/кв.м в месяц;
- 2-х этаж. - 0,027 Гкал/кв.м в месяц;
- 3-4 -х этаж. - 0,0167 Гкал/кв.м в месяц;
- 5-9 -ти этаж. - 0,0139 Гкал/кв.м в месяц;
- 10 -ти этаж. - 0,0133 Гкал/кв.м в месяц;

постройка после 1999 г.
- 9-ти этаж. - 0,0066 Гкал/кв.м в месяц;
- 10-ти этаж. - 0,0062 Гкал/кв.м в месяц.
Муниципальный нормативный правовой акт городского поселения Ступино Ступинского муниципального района МО от 02.12.2008 N43/2008-МНПА ""Нормативы потребления коммунальных услуг на территории городского поселения Ступино Ступинского муниципального района Московской области"". Муниципальный нормативный правовой акт городского поселения Жилево Ступинского муниципального района МО от 22.12.2008 N 83/16-МНПА ""Нормативы потребления коммунальных услуг на территории городского поселения Жилево Ступинского муниципального района Московской области"" (принят решением Совета депутатов городского поселения Жилево Ступинского муниципального района МО от 22.12.2008 N 83/16). Решение Совета депутатов городского поселения Малино Ступинского муниципального района МО от 04.12.2009 N 31/5 ""О принятии муниципального нормативного правового акта ""О размерах оплаты населением городского поселения Малино за жилищно-коммунальные услуги в 2010 году"". Постановление главы городского поселения Кашира МО от 16 июня 2010 года N 317-ГП ""Об установлении нормативов потребления тепловой энергии на отопление многоквартирных жилых домов в городском поселении Кашира""
","п. 3, 4, 5 Распоряжения Министерства ЖКХ МО от 20.12.2019 №736-РВ ""Об утверждении нормативов потребления коммунальной услуги по электроснабжению в индивидуальных жилых домах""","Многоквартирные и жилые дома с централизованным холодным и горячим водоснабжением, водоотведением, оборудованные унитазами, раковинами, мойками, ваннами длиной 1500-1550 мм с душем-4,29 куб. метр в месяц/чел.; многоквартирные и жилые дома с централизованным холодным и горячим водоснабжением, водоотведением, оборудованные унитазами, раковинами, мойками, ваннами длиной 1650-1700 мм с душем-4,33 куб. метр в месяц/чел.; многоквартирные и жилые дома с централизованным холодным водоснабжением, без централизованного водоотведения, оборудованные умывальниками, мойками, унитазами, ваннами длиной 1500-1550 мм, душами-5,32 куб. метр в месяц/чел.; многоквартирные и жилые дома с централизованным холодным водоснабжением, водонагревателями, водоотведением, оборудованные унитазами, раковинами, мойками, душами и ваннами длиной 1500-1550 мм с душем-7,46 куб. метр в месяц/чел.; многоквартирные и жилые дома с централизованным холодным водоснабжением, водонагревателями, водоотведением, оборудованные унитазами, раковинами, мойками, душами и ваннами длиной 1650-1700 мм с душем-7,56 куб. метр в месяц/чел. Распоряжение Министерства жилищно-коммунального хозяйства МО от 20 октября 2020 N 386-РВ ""Об утверждении нормативов потребления коммунальных услуг по холодному (горячему) водоснабжению, водоотведению в жилых помещениях на территории Московской области""","Многоквартирные и жилые дома с централизованным холодным и горячим водоснабжением, водоотведением, оборудованные унитазами, раковинами, мойками, ваннами длиной 1500-1550 мм с душем-3,17 куб. метр в месяц/чел.; многоквартирные и жилые дома с централизованным холодным и горячим водоснабжением, водоотведением, оборудованные унитазами, раковинами, мойками, ваннами длиной 1650-1700 мм с душем-3,23 куб. метр в месяц/чел. Распоряжение Министерства жилищно-коммунального хозяйства МО от 20 октября 2020 N 386-РВ ""Об утверждении нормативов потребления коммунальных услуг по холодному (горячему) водоснабжению, водоотведению в жилых помещениях на территории Московской области""
","1. В домах с открытой системой горячего водоснабжения: с неизолированными стояками: с полотенцесушителями - 0,0648 Гкал на 1 куб.м.; без полотенцесушителей -  0,0600 Гкал на 1 куб.м. 2. В домах с закрытой системой горячего водоснабжения: с полотенцесушителями - 0,0648 Гкал на 1 куб.м.; без полотенцесушителей -  0,0600 Гкал на 1 куб.м. Распоряжение Министерства ЖКХ МО от 30.10.2020 № 424-РВ ""Об утверждении нормативов расхода тепловой энергии, используемой на подогрев холодной воды в целях предоставления коммунальной услуги по горячему водоснабжению, на территории городского округа Ступино Московской области""",нет,"Многоквартирные дома: твердые коммунальные отходы, за исключением крупногабаритных отходов (1 кв. метр общей площади)-0,086 м3; многоквартирные дома: крупногабаритные отходы (1 кв. метр общей площади)-0,028 м3. Распоряжение Министерства ЖКХ МО от 20.09.2021 N 431-РВ (ред. от 28.12.2024) ""Об утверждении нормативов накопления твердых коммунальных отходов на территории Московской области"".



НОРМАТИВЫ
НАКОПЛЕНИЯ ТВЕРДЫХ КОММУНАЛЬНЫХ ОТХОДОВ ДЛЯ ИНДИВИДУАЛЬНЫХ
ЖИЛЫХ ДОМОВ НА ТЕРРИТОРИИ МОСКОВСКОЙ ОБЛАСТИ
                            кв. м                  куб. м/кв. м    куб. м/кв. м
1        ИЖС         до 50                     0,1140           0,0270
2        ИЖС         от 51 до 100         0,1140           0,0270
3        ИЖС         от 101 до 150       0,1000           0,0237
4        ИЖС         от 151 до 250       0,0753           0,0178
5        ИЖС         от 251 до 350       0,0566           0,0134
6        ИЖС         от 351 до 450       0,0426           0,0101
7        ИЖС         от 451 до 500       0,0320           0,0076
8        ИЖС         от 501 и более     0,0248           0,0059
Распоряжение Министерства ЖКХ МО от 20.12.2019 N 735-РВ (ред. от 04.09.2023) ""Об утверждении нормативов накопления твердых коммунальных отходов для индивидуальных жилых домов на территории Московской области""                                                                                                                                                                                           ",нет,
Окружное управление социального развития №14,,"
","п. 3, 4, 5 Распоряжения Министерства ЖКХ МО от 20.12.2019 №736-РВ ""Об утверждении нормативов потребления коммунальной услуги по электроснабжению в индивидуальных жилых домах""","Многоквартирные и жилые дома с централизованным холодным и горячим водоснабжением, водоотведением, оборудованные унитазами, раковинами, мойками, ваннами длиной 1500-1550 мм с душем - 4,29 куб. метр в месяц/чел.;  многоквартирные и жилые дома с централизованным холодным и горячим водоснабжением, водоотведением, оборудованные унитазами, раковинами, мойками, ваннами длиной 1650-1700 мм с душем - 4,33 куб. метр в месяц/чел.; многоквартирные и жилые дома с централизованным холодным водоснабжением, без централизованного водоотведения, оборудованные умывальниками, мойками, унитазами, ваннами длиной 1500-1550 мм, душами - 5,32 куб. метр в месяц/чел.; многоквартирные и жилые дома с централизованным холодным водоснабжением, водонагревателями, водоотведением, оборудованные унитазами, раковинами, мойками, душами и ваннами длиной 1500-1550 мм с душем - 7,46 куб. метр в месяц/чел.; многоквартирные и жилые дома с централизованным холодным водоснабжением, водонагревателями, водоотведением, оборудованные унитазами, раковинами, мойками, душами и ваннами длиной 1650-1700 мм с душем - 7,56 куб. метр в месяц/чел. 
Распоряжение Министерства жилищно-коммунального хозяйства МО от 20 октября 2020 N 386-РВ ""Об утверждении нормативов потребления коммунальных услуг по холодному (горячему) водоснабжению, водоотведению в жилых помещениях на территории Московской области"".","В жилых домах: многоквартирные и жилые дома с централизованным холодным и горячим водоснабжением, водоотведением, оборудованные унитазами, раковинами, мойками, ваннами длиной 1650-1700 мм с душем – 3,23.  
Жилые здания, имеющие статус общежития: с водопроводом и канализацией, горячим водоснабжением, оборудованные общими душевыми - 1,87.","В домах с открытой системой горячего водоснабжения с неизолированными стояками: 
- с полотенцесушителями - 0,0649 Гкал на 1 куб.м.; 
- без полотенцесушителей -  0,0599 Гкал на 1 куб.м.  ",,"Распоряжение Министерства ЖКХ МО от 20.09.2021 N 431-РВ (ред. от 28.12.2024) ""Об утверждении нормативов накопления твердых коммунальных отходов на территории Московской области"" (для МКД). Распоряжение Министерства ЖКХ МО от 20.12.2019 N 735-РВ (ред. от 04.09.2023) ""Об утверждении нормативов накопления твердых коммунальных отходов для индивидуальных жилых домов на территории Московской области"" (ИЖС).",,"Распоряжение Министерства ЖКХ МО от 20.10.2020 N 386-РВ ""Об утверждении нормативов потребления коммунальных услуг по холодному (горячему) водоснабжению, водоотведению в жилых помещениях на территории Московской области""Распоряжение Министерства ЖКХ МО от №341-РВ  от 20.11.2018г.""Об утверждении нормативов расхода тепловой энергии, используемой на подогрев холодной воды в целях предоставления коммунальной услуги по горячему водоснабжению, на территории городского округа Домодедово Московской области"""
Окружное управление социального развития №15,,"Решение совета депутатов Леннинского муниципального района Московской области от 17.12.2008 г. №12/16   0,0151 Гкал/кв.м.","п.3, 4, 5 Распоряжения Министерства жилищно-коммунального хозяйства московской области от 20.12.2019 №736-РВ ""Об утверждении нормативов потребления коммунальной услуги по электроснабжению в индивидуальных жилых домах""","Распоряжение Министерства ЖКХ МО от 20.10.2020 N 386-РВ ""Об утверждении нормативов потребления коммунальных услуг по холодному (горячему) водоснабжению, водоотведению в жилых помещениях на территории Московской области"". В жилых домах: Многоквартирные и жилые дома с централизованным холодным и горячим водоснабжением, водоотведением, оборудованные унитазами, раковинами, мойками, ваннами длиной 1500-1550 мм с душем - 4,29; Многоквартирные и жилые дома с централизованным холодным и горячим водоснабжением, водоотведением, оборудованные унитазами, раковинами, мойками, ваннами длиной 1650-1700мм с душем – 4,33; Многоквартирные и жилые дома с централизованным холодным и горячим водоснабжением, водоотведением, оборудованные унитазами, раковинами, мойками, душем - 3,79; Многоквартирные и жилые дома с централизованным холодным водоснабжением, водонагревателями, водоотведением, оборудованные унитазами, раковинами, мойками, душами - 6,36; Многоквартирные и жилые дома с централизованным холодным водоснабжением, водонагревателями, водоотведением, оборудованные унитазами, раковинами, мойками, душами и ваннами длиной 1500-1550 мм с душем - 7,46; Многоквартирные и жилые дома с централизованным холодным водоснабжением, водонагревателями, водоотведением, оборудованные унитазами, раковинами, мойками, душами и ваннами длиной 1650-1700 мм с душем  - 7,56; Многоквартирные и жилые дома без водонагревателей с водопроводом и канализацией, оборудованные раковинами, мойками и унитазами – 3,86; Многоквартирные и жилые дома с централизованным холодным водоснабжением, водоотведением, оборудованные унитазами, мойками - 1,72; Жилые здания, имеющие статус общежития: с водопроводом и канализацией, горячим водоснабжением, мойками, раковинами, унитазами ,оборудованные общими душевыми – 3,01","Распоряжение Министерства ЖКХ МО от 20.10.2020 N 386-РВ ""Об утверждении нормативов потребления коммунальных услуг по холодному (горячему) водоснабжению, водоотведению в жилых помещениях на территории Московской области""","Распоряжение Министерства ЖКХ МО от 21.10.2020 №393-РВ "" Об утверждениии нормативов расхода тепловлй энергии, используемой на подогрев холодной воды . Нормативы расхода тепловлй энергии, исполльзуемой на подогрев холодной воды в целях предоставления коммунальной услуги по горячему водоснабжению, на территории Ленинского г.о. М.О. С изолированными стояками: с полотенцесушителеями Гкал на 1 куб. м 0,0600; без полотенцесушителей Гкал на 1 куб.м 0,0550. С неизолированными стояками: с полотенцесушителями Гкал на 1 куб.м. 0,0624; без полотенцесушителей Гкал на 1 куб.м. 0,0600.",,"Распоряжение Министерства жилищно-коммунального хозяйства Московской области от 20.09.2021 №431-РВ ""Об утверждении нормативов накопления твёрдых коммунальных отходов на территории Московской области""",,
Окружное управление социального развития №16,"Согласно постановлению Администрации городского округа Чехов Московской области от 14.05.2018 №1075/10-01, рекомендованный норматив потребления тепловой энергии на отопление 1 кв. м полезной площади в Чехове —  0,0162 Гкал/м² в месяц. 

Постановление главы городского округа Подольск Московской области от 13.11.2012 №2115-п «О порядке оплаты за услугу по отоплению населением города Подольска» было принято в целях совершенствования расчётов и перехода на посезонную оплату за отопление жилых зданий.  14
С 1.01.2013 планировалось перейти на оплату услуги отопления в течение семи месяцев отопительного сезона (январь, февраль, март, апрель, октябрь, ноябрь, декабрь).  
Норматив тепловой энергии на отопление 1 кв. м общей площади должен был составлять 0,017 Гкал в месяц в расчёте на 12 месяцев (0,2 Гкал/кв. м в год).  
С 1.01.2013 предлагалось применять норматив потребления тепловой энергии на отопление жилых зданий на 1 кв. м общей площади 0,029 Гкал в месяц в расчёте на 7 месяцев отопительного сезона (0,2 Гкал/кв. м в год).

Постановление руководителя Администрации Подольского муниципального района Московской области от 22.04.2010 №769 «Об установлении нормы потребления тепловой энергии на отопление при посезонной оплате населением в Подольском муниципальном районе»:

Устанавливало норму потребления тепловой энергии на отопление населением в размере 0,02842 Гкал на кв. м в месяц общей площади жилого помещения на период отопительного сезона. ",,"п.3, 4, 5 Распоряжения Министерства жилищно-коммунального хозяйства московской области от 20.12.2019 №736-РВ ""Об утверждении нормативов потребления коммунальной услуги по электроснабжению в индивидуальных жилых домах""","Распоряжение Министерства ЖКХ МО от 20.10.2020 N 386-РВ ""Об утверждении нормативов потребления коммунальных услуг по холодному (горячему) водоснабжению, водоотведению в жилых помещениях на территории Московской области""","Распоряжение Министерства ЖКХ МО от 20.10.2020 N 386-РВ ""Об утверждении нормативов потребления коммунальных услуг по холодному (горячему) водоснабжению, водоотведению в жилых помещениях на территории Московской области""","Согласно распоряжению Министерства жилищно-коммунального хозяйства Московской области №334-РВ от 20.06.2019, в городском округе Подольск Московской области установлены следующие нормативы расхода тепловой энергии на подогрев воды для горячего водоснабжения:

0,0599 Гкал/м³ — закрытая система горячего водоснабжения, без наружной сети и полотенцесушителей, изолированные стояки. 
0,0549 Гкал/м³ — закрытая система горячего водоснабжения, без наружной сети и полотенцесушителей, неизолированные стояки. 
Согласно постановлению Администрации городского округа Чехов Московской области от 14.05.2018 №1075/10-01, рекомендованный норматив на тепловую энергию для подогрева 1 м³ горячей воды в Чехове составляет 0,0599 Гкал/м³ для центрального горячего водоснабжения и 0,0599 Гкал/м³ для центрального горячего водоснабжения при отсутствии ванн и душевых кабин.  ",,"Распоряжение Министерства жилищно-коммунального хозяйства Московской области от 20.09.2021 №431-РВ ""Об утверждении нормативов накопления твёрдых коммунальных отходов на территории Московской области""",,
Окружное управление социального развития №17,,"Гкал/кв.м. 1. Серпухов. Оплата в отопительный сезон(год постройки до 1999г.):Этажность 1-9 - 0,0335;этажность 10-12- 0,0212; этажность 13 и выше- 0,0227. Оплата в течении года (год постройки до 1999г.)Этажность 1-9 -0,0195;этажность 10-12-  0,0124; этажность 13 и выше-0,0132. Оплата в отопительный сезон(год постройки после 1999г.):Этажность 1-7 - 0,0192;этажность 8-11- 0,0144; этажность 12 и выше- 0,0139. Оплата в течении года (год постройки после 1999г.)Этажность 1-7 -0,0112;этажность 8-11-  0,0084; этажность 12 и выше-0,0081. Рспоряжение Министерства ЖКХ МО от 22.12.2014 № 170-РВ.       2 Протвино. 0,0317. Постановление главы г. Протвино МО от 26.12.2007 № 975 (ред. от 21.01.2014) ""Об утверждение тарифов и ставок на жилищно-коммунальные услуги"".        3 Пущино. 0,018 (при отсутствии приборов учета). Постановление администрации городского округа Пущино МО от 05.11.2020 г. №353-п.","Распоряжения Министерства жилищно-коммунального хозяйства московской области от 20.12.2019 №736-РВ ""Об утверждении нормативов потребления коммунальной услуги по электроснабжению в индивидуальных жилых домах""","Распоряжение Министерства ЖКХ МО от 20.10.2020 N 386-РВ ""Об утверждении нормативов потребления коммунальных услуг по холодному (горячему) водоснабжению, водоотведению в жилых помещениях на территории Московской области""","Распоряжение Министерства ЖКХ МО от 20.10.2020 N 386-РВ ""Об утверждении нормативов потребления коммунальных услуг по холодному (горячему) водоснабжению, водоотведению в жилых помещениях на территории Московской области""","1. Распоряжение  Министерства ЖКХ МО от 06.11.2015 № 263-РВ ""Об утверждении нормативов расхода тепловой энергии, используемой на подогрев холодной воды в целях предоставления коммунальной услуги по горячему водоснабжению, на территории городского округа Серпухов Московской области.                                                                2. Распоряжение Министерства жилищно-коммунального хозяйства Московской области от 20.06.2017 N 88-РВ и 95-РВ ""Об утверждении норматива расхода тепловой энергии, используемой на подогрев холодной воды в целях предоставления коммунальной услуги по горячему водоснабжению, на территории городского округа Пущино Московской области"".                                       3. Расчет количества тепловой энергии, необходимой для приготовления 1 м3 горячей воды, утвержденный Главой города Протвино 2013г.   ",,"Распоряжение Министерства ЖКХ МО от 20.09.2021 N 431-РВ (ред. от 28.12.2024) ""Об утверждении нормативов накопления твердых коммунальных отходов на территории Московской области"" (для МКД). Распоряжение Министерства ЖКХ МО от 20.12.2019 N 735-РВ (ред. от 04.09.2023) ""Об утверждении нормативов накопления твердых коммунальных отходов для индивидуальных жилых домов на территории Московской области"" (ИЖС).",,
Окружное управление социального развития №18,"Распоряжение Министерства ЖКХ МО от 20.06.2016 N 106-РВ  ""Об утверждении нормативов потребления коммунальной услуги по отоплению, норматива расхода тепловой энергии, используемой на подогрев холодной воды в целях предоставления коммунальной услуги по горячему водоснабжению, на территории городского округа Шаховская Московской области""
Многоквартирные и жилые дома до 1999 года постройки включительно:
- многоквартирные и жилые дома со стенами из камня, кирпича: Этажность 1 - 0,0343 Гкал на 1 кв. метр общей площади жилого помещения в месяц ; Этажность 2 - 0,0342 Гкал на 1 кв. метр общей площади жилого помещения в месяц; Этажность 3-4 - 0,0341 Гкал на 1 кв. метр общей площади жилого помещения в месяц; Этажность 5-9 - 0,0333 Гкал на 1 кв. метр общей площади жилого помещения в месяц.                                                                                                                 
- многоквартирные и жилые дома со стенами из панелей, блоков: Этажность 1 - 0,0342 Гкал на 1 кв. метр общей площади жилого помещения в месяц ; Этажность 2 - 0,0341 Гкал на 1 кв. метр общей площади жилого помещения в месяц; Этажность 3-4 - 0,0340 Гкал на 1 кв. метр общей площади жилого помещения в месяц; Этажность 5-9 - 0,0334 Гкал на 1 кв. метр общей площади жилого помещения в месяц.
- многоквартирные и жилые дома со стенами из дерева, смешанных и других: Этажность 1 - 0,0343 Гкал на 1 кв. метр общей площади жилого помещения в месяц ; Этажность 2 - 0,0342 Гкал на 1 кв. метр общей площади жилого помещения в месяц.
Многоквартирные и жилые дома после 1999 года постройки: 
- многоквартирные и жилые дома со стенами из камня, кирпича: Этажность 2 - 0,0280 Гкал на 1 кв. метр общей площади жилого помещения в месяц ; Этажность 3 - 0,0278 Гкал на 1 кв. метр общей площади жилого помещения в месяц; Этажность 4-5 - 0,0276 Гкал на 1 кв. метр общей площади жилого помещения в месяц; Этажность 9 - 0,0241 Гкал на 1 кв. метр общей площади жилого помещения в месяц.
 
 Постановление главы Лотошинского района Московской области от 17.08.2006 г. N 431 ""Об утверждении нормативов потребления коммунальных услуг""
Норматив потребления тепловой энергии на отопление:
-многоквартирных домов - 0,02 Гкал/кв.м общей площади жилья в месяц; индивидуального частного жилья - 0,025 Гкал/кв.м общей площади жилья в месяц.

Решение Совета депутатов Волоколамского района МО от 19.12.2005 N 281-38 ""Об утверждении норм потребления отопления""
нормы потребления отопления в размере 0,019 Гкал/кв. м.

 

","Стандарт нормативной площади жилого помещения в соответствии с Законом Московской области от 22.10.2009 N 120/2009-ОЗ ""О стандарте нормативной площади жилого помещения для предоставления субсидий и оказания мер социальной поддержки отдельным категориям граждан по оплате жилого помещения и коммунальных услуг на территории Московской области""
Для одиноко проживающих граждан размер стандарта в размере 
42 кв. метров общей площади жилого помещения,
21 кв. метра - на каждого члена семьи, состоящей из двух человек,
18 кв. метров - на каждого члена семьи, состоящей из трех и более человек, 
но не более фактического размера занимаемой ими общей площади жилого помещения.","Распоряжения Министерства жилищно-коммунального хозяйства московской области от 20.12.2019 №736-РВ ""Об утверждении нормативов потребления коммунальной услуги по электроснабжению в индивидуальных жилых домах.","Распоряжение Министерства ЖКХ МО от 20.10.2020 N 386-РВ ""Об утверждении нормативов потребления коммунальных услуг по холодному (горячему) водоснабжению, водоотведению в жилых помещениях на территории Московской области""
Многоквартирные и жилые дома с централизованным холодным и горячим водоснабжением, водоотведением, оборудованные унитазами, раковинами, мойками, ваннами сидячими длиной 1200 мм с душем
куб. метр в месяц на человека - 4,24
Многоквартирные и жилые дома с централизованным холодным и горячим водоснабжением, водоотведением, оборудованные унитазами, раковинами, мойками, ваннами длиной 1500-1550 мм с душем
куб. метр в месяц на человека - 4,29
Многоквартирные и жилые дома с централизованным холодным и горячим водоснабжением, водоотведением, оборудованные унитазами, раковинами, мойками, ваннами длиной 1650-1700 мм с душем
куб. метр в месяц на человека - 4,33
Многоквартирные и жилые дома с централизованным холодным и горячим водоснабжением, водоотведением, оборудованные унитазами, раковинами, мойками, ваннами без душа
куб. метр в месяц на человека - 3,02
Многоквартирные и жилые дома с централизованным холодным и горячим водоснабжением, водоотведением, оборудованные унитазами, раковинами, мойками, душем
куб. метр в месяц на человека - 3,79
Многоквартирные и жилые дома с централизованным холодным водоснабжением, водонагревателями, водоотведением, оборудованные унитазами, раковинами, мойками, душами и ваннами сидячими длиной 1200 мм с душем
куб. метр в месяц на человека - 7,36
Многоквартирные и жилые дома с централизованным холодным водоснабжением, водонагревателями, водоотведением, оборудованные унитазами, раковинами, мойками, душами и ваннами длиной 1500-1550 мм с душем
куб. метр в месяц на человека - 7,46
Многоквартирные и жилые дома с централизованным холодным водоснабжением, водонагревателями, водоотведением, оборудованные унитазами, раковинами, мойками, душами и ваннами длиной 1650-1700 мм с душем
куб. метр в месяц на человека - 7,56
Многоквартирные и жилые дома с централизованным холодным водоснабжением, водонагревателями, водоотведением, оборудованные унитазами, раковинами, мойками, душами и ваннами без душа
куб. метр в месяц на человека - 7,16
Многоквартирные и жилые дома с централизованным холодным водоснабжением, водонагревателями, водоотведением, оборудованные унитазами, раковинами, мойками, душами
куб. метр в месяц на человека - 6,36
Многоквартирные и жилые дома без водонагревателей с водопроводом и канализацией, оборудованные раковинами, мойками и унитазами
куб. метр в месяц на человека - 3,86
Многоквартирные и жилые дома без водонагревателей с централизованным холодным водоснабжением и водоотведением, оборудованные раковинами и мойками
куб. метр в месяц на человека - 3,15
Многоквартирные и жилые дома с централизованным холодным водоснабжением, без централизованного водоотведения, оборудованные умывальниками, мойками, унитазами, ваннами сидячими длиной 1200 мм, душами
куб. метр в месяц на человека - 5,22
Многоквартирные и жилые дома с централизованным холодным водоснабжением, без централизованного водоотведения, оборудованные умывальниками, мойками, унитазами, ваннами длиной 1500-1550 мм, душами
куб. метр в месяц на человека - 5,32
Многоквартирные и жилые дома с централизованным холодным водоснабжением, без централизованного водоотведения, оборудованные умывальниками, мойками, унитазами, ваннами длиной 1650-1700 мм, душами
куб. метр в месяц на человека - 5,42
Многоквартирные и жилые дома с централизованным холодным водоснабжением, без централизованного водоотведения, оборудованные умывальниками, мойками, унитазами, ваннами без душа
куб. метр в месяц на человека - 2,52
Многоквартирные и жилые дома с централизованным холодным водоснабжением, без централизованного водоотведения, оборудованные умывальниками, мойками, унитазами
куб. метр в месяц на человека - 1,72
Многоквартирные и жилые дома с водоразборной колонкой
куб. метр в месяц на человека - 1,22
Дома, использующиеся в качестве общежитий, оборудованные мойками, раковинами, унитазами, с душевыми с централизованным холодным и горячим водоснабжением, водоотведением
куб. метр в месяц на человека - 3,01
Многоквартирные и жилые дома с централизованным холодным водоснабжением, оборудованные умывальниками, мойками
куб. метр в месяц на человека - 1,01
Многоквартирные и жилые дома с централизованным холодным и горячим водоснабжением, водоотведением, оборудованные унитазами, раковинами, мойками
куб. метр в месяц на человека - 2,66
Многоквартирные и жилые дома с централизованным холодным водоснабжением, водоотведением, оборудованные унитазами, мойками
куб. метр в месяц на человека - 1,72
Многоквартирные и жилые дома с централизованным холодным водоснабжением, водоотведением с водонагревателями, оборудованные умывальниками, мойками, унитазами
куб. метр в месяц на человека - 1,72
Дома, использующиеся в качестве общежитий, с централизованным холодным водоснабжением и водоотведением, с водонагревателями, оборудованные мойками, раковинами, унитазами, с душевыми
куб. метр в месяц на человека - 4,88
Дома, использующиеся в качестве общежитий, с централизованным холодным водоснабжением и водоотведением, оборудованные мойками, раковинами, унитазами
куб. метр в месяц на человека - 3,18","Распоряжение Министерства ЖКХ МО от 20.10.2020 N 386-РВ ""Об утверждении нормативов потребления коммунальных услуг по холодному (горячему) водоснабжению, водоотведению в жилых помещениях на территории Московской области""
Многоквартирные и жилые дома с централизованным холодным и горячим водоснабжением, водоотведением, оборудованные унитазами, раковинами, мойками, ваннами сидячими длиной 1200 мм с душем
куб. метр в месяц на человека - 3,12
Многоквартирные и жилые дома с централизованным холодным и горячим водоснабжением, водоотведением, оборудованные унитазами, раковинами, мойками, ваннами длиной 1500-1550 мм с душем
куб. метр в месяц на человека - 3,17
Многоквартирные и жилые дома с централизованным холодным и горячим водоснабжением, водоотведением, оборудованные унитазами, раковинами, мойками, ваннами длиной 1650-1700 мм с душем
куб. метр в месяц на человека - 3,23
Многоквартирные и жилые дома с централизованным холодным и горячим водоснабжением, водоотведением, оборудованные унитазами, раковинами, мойками, ваннами без душа
куб. метр в месяц на человека - 1,64
Многоквартирные и жилые дома с централизованным холодным и горячим водоснабжением, водоотведением, оборудованные унитазами, раковинами, мойками, душем
куб. метр в месяц на человека - 2,57
Дома, использующиеся в качестве общежитий, оборудованные мойками, раковинами, унитазами, с душевыми с централизованным холодным и горячим водоснабжением, водоотведением
куб. метр в месяц на человека - 1,87
Многоквартирные и жилые дома с централизованным холодным и горячим водоснабжением, водоотведением, оборудованные унитазами, раковинами, мойками
куб. метр в месяц на человека - 1,20","Распоряжение Министерства ЖКХ МО от 20.10.2020 N 380-РВ ""Об утверждении нормативов расхода тепловой энергии, используемой на подогрев холодной воды в целях предоставления коммунальной услуги по горячему водоснабжению, на территории Волоколамского городского округа Московской области""
Без наружной сети горячего водоснабжения
1.С неизолированными стояками
1.1. С полотенцесушителями 0,0648 Гкал на 1 куб. м
1.2. Без полотенцесушителей 0,0602 Гкал на 1 куб. м

Распоряжение Министерства ЖКХ МО от 20.10.2020 N 384-РВ ""Об утверждении норматива расхода тепловой энергии, используемой на подогрев холодной воды в целях предоставления коммунальной услуги по горячему водоснабжению, на территории городского округа Шаховская Московской области""
Без наружной сети горячего водоснабжения
1.С неизолированными стояками
1.1. С полотенцесушителями 0,0648 Гкал на 1 куб. м

Распоряжение Министерства ЖКХ МО от 20.06.2017 N 90-РВ ""Об утверждении нормативов расхода тепловой энергии, используемой на подогрев холодной воды в целях предоставления коммунальной услуги по горячему водоснабжению, на территории Лотошинского муниципального района Московской области""
Без наружной сети горячего водоснабжения
1. С изолированными стояками
1.1. С полотенцесушителями 0,06 Гкал на 1 куб. м
2. С неизолированными стояками
 2.1. С полотенцесушителями 0,0651 Гкал на 1 куб. м
2.2. Без полотенцесушителей 0,06 Гкал на 1 куб. м






",,"Распоряжение Министерства ЖКХ МО от 20.09.2021 N 431-РВ ""Об утверждении нормативов накопления твердых коммунальных отходов на территории Московской области""                        
Домовладения, годовой норматив накопления отходов:                        
1. Многоквартирные дома: твердые коммунальные отходы, за исключением крупногабаритных отходов 1 кв. метр общей площади 0,086 м3

Распоряжение Министерства ЖКХ МО от 20.12.2019 N 735-РВ  ""Об утверждении нормативов накопления твердых коммунальных отходов для индивидуальных жилых домов на территории Московской области""  
                                      кв. м                 Норматив,       Включая КГО,  
                                                                    куб. м/кв.м   куб. м/кв.м             
1        ИЖС   1 кв. м.        до 50                       0,1140         0,0270 
2        ИЖС   1 кв. м         от 51 до 100           0,1140         0,0270 
3        ИЖС   1 кв. м         от 101 до 150         0,1000         0,0237 
4        ИЖС   1 кв. м         от 151 до 250         0,0753         0,0178 
5        ИЖС   1 кв. м         от 251 до 350         0,0566         0,0134 
6        ИЖС   1 кв. м         от 351 до 450         0,0426         0,0101 
7        ИЖС   1 кв. м         от 451 до 500         0,0320         0,0076 
8        ИЖС   1 кв. м         от 501 и более       0,0248         0,0059 
  с применением понижающих коэффициентов в зависимости от площади жилья.                                     
",,
Окружное управление социального развития №19,"Постановление Администрации Клинского муниципального района 
от 23 декабря 2009г. № 2444  «Об утверждении нормативов потребления коммунальных услуг»
0,021Гкал/м. кв.,  0,017 Гкал/м.кв.
Постановление Руководителя Администрации городского поселения Высоковск от 16.12.2009 г.
№178  «Об утверждении нормативов потребления коммунальных услуг»
0,02Гкал/м. кв.,  0,018 Гкал/м.кв.","Стандарт нормативной площади жилого помещения в соответствии с Законом Московской области от 22.10.2009 N 120/2009-ОЗ (ред. от 04.07.2024) ""О стандарте нормативной площади жилого помещения для предоставления субсидий и оказания мер социальной поддержки отдельным категориям граждан по оплате жилого помещения и коммунальных услуг на территории Московской области"" (принят постановлением Мособлдумы от 15.10.2009 N 3/92-П)","Распоряжения Министерства жилищно-коммунального хозяйства московской области от 20.12.2019 №736-РВ ""Об утверждении нормативов потребления коммунальной услуги по электроснабжению в индивидуальных жилых домах.","Распоряжение Министерства ЖКХ МО от 20.10.2020 N 386-РВ ""Об утверждении нормативов потребления коммунальных услуг по холодному (горячему) водоснабжению, водоотведению в жилых помещениях на территории Московской области"". В жилых домах: Многоквартирные и жилые дома с централизованным холодным и горячим водоснабжением, водоотведением, оборудованные унитазами, раковинами, мойками, ваннами длиной 1500-1550 мм с душем - 4,29; Многоквартирные и жилые дома с централизованным холодным и горячим водоснабжением, водоотведением, оборудованные унитазами, раковинами, мойками, ваннами длиной 1650-1700мм с душем – 4,33; Многоквартирные и жилые дома с централизованным холодным и горячим водоснабжением, водоотведением, оборудованные унитазами, раковинами, мойками, душем - 3,79; Многоквартирные и жилые дома с централизованным холодным водоснабжением, водонагревателями, водоотведением, оборудованные унитазами, раковинами, мойками, душами - 6,36; Многоквартирные и жилые дома с централизованным холодным водоснабжением, водонагревателями, водоотведением, оборудованные унитазами, раковинами, мойками, душами и ваннами длиной 1500-1550 мм с душем - 7,46; Многоквартирные и жилые дома с централизованным холодным водоснабжением, водонагревателями, водоотведением, оборудованные унитазами, раковинами, мойками, душами и ваннами длиной 1650-1700 мм с душем  - 7,56; Многоквартирные и жилые дома без водонагревателей с водопроводом и канализацией, оборудованные раковинами, мойками и унитазами – 3,86; Многоквартирные и жилые дома с централизованным холодным водоснабжением, водоотведением, оборудованные унитазами, мойками - 1,72; Жилые здания, имеющие статус общежития: с водопроводом и канализацией, горячим водоснабжением, мойками, раковинами, унитазами ,оборудованные общими душевыми – 3,01","Распоряжение Министерства ЖКХ МО от 20.10.2020 N 386-РВ ""Об утверждении нормативов потребления коммунальных услуг по холодному (горячему) водоснабжению, водоотведению в жилых помещениях на территории Московской области"". В жилых домах: Многоквартирные и жилые дома с централизованным холодным и горячим водоснабжением, водоотведением, оборудованные унитазами, раковинами, мойками, ваннами длиной 1500-1550 мм с душем - 3,17; Многоквартирные и жилые дома с централизованным холодным и горячим водоснабжением, водоотведением, оборудованные унитазами, раковинами, мойками, ваннами длиной 1650-1700мм с душем – 3,23; Многоквартирные и жилые дома с централизованным холодным и горячим водоснабжением, водоотведением, оборудованные унитазами, раковинами, мойками, душем - 2,57;   Многоквартирные и жилые дома с централизованным холодным водоснабжением, водоотведением, оборудованные унитазами, мойками - 1,72; Дома, использующиеся в качестве общежитий, оборудованные мойками, раковинами, унитазами, с душевыми с централизованным холодным и горячим водоснабжением, водоотведением – 1,87.","Распоряжение Министерства ЖКХ МО от 20.09.2021 N 435-РВ ""Об утверждении нормативов расхода тепловой энергии, используемой на подогрев холодной воды в целях предоставления коммунальной услуги по горячему водоснабжению, на территории городского округа Клин Московской области"".",,,"Распоряжение Министерства ЖКХ МО от 20.09.2021 №431-РВ ""Об утверждении нормативов накопления твёрдых коммунальных отходов на территории Московской области"". Годовой норматив накопления отходов в многоквартирных домах: твердые коммунальные отходы за исключением крупногабаритных отходов - 0,086 куб.м. на кв.м.",
Окружное управление социального развития №20,,"Стандарт нормативной площади жилого помещения в соответствии с Законом Московской области от 22.10.2009 N 120/2009-ОЗ (ред. от 04.07.2024) ""О стандарте нормативной площади жилого помещения для предоставления субсидий и оказания мер социальной поддержки отдельным категориям граждан по оплате жилого помещения и коммунальных услуг на территории Московской области"" (принят постановлением Мособлдумы от 15.10.2009 N 3/92-П)","п.3, 4, 5 Распоряжения Министерства жилищно-коммунального хозяйства московской области от 20.12.2019 №736-РВ ""Об утверждении нормативов потребления коммунальной услуги по электроснабжению в индивидуальных жилых домах""","Распоряжение Министерства ЖКХ МО от 20.10.2020 N 386-РВ ""Об утверждении нормативов потребления коммунальных услуг по холодному (горячему) водоснабжению, водоотведению в жилых помещениях на территории Московской области""","Распоряжение Министерства ЖКХ МО от 20.10.2020 N 386-РВ ""Об утверждении нормативов потребления коммунальных услуг по холодному (горячему) водоснабжению, водоотведению в жилых помещениях на территории Московской области""","Распоряжение от 30.10.2020 №421-РВ ""Об утверждении нормативов расхода тепловой энергии, используемой на подогрев холодной воды в целях предоставления коммунальной услуги по горячему водоснабжению, на территории городского округа Солнечногорск Московской области""",,"Стандарт нормативной площади жилого помещения в соответствии с Законом Московской области от 22.10.2009 N 120/2009-ОЗ (ред. от 04.07.2024) ""О стандарте нормативной площади жилого помещения для предоставления субсидий и оказания мер социальной поддержки отдельным категориям граждан по оплате жилого помещения и коммунальных услуг на территории Московской области"" (принят постановлением Мособлдумы от 15.10.2009 N 3/92-П)","Распоряжение Министерства ЖКХ МО от 20.09.2021 №431-РВ ""Об утверждении нормативов накопления твёрдых коммунальных отходов на территории Московской области""",
Окружное управление социального развития №21,от 23 декабря 2009г. № 2444 «Об утверждении нормативов потребления коммунальных услуг»,"Стандарт нормативной площади жилого помещения в соответствии с Законом Московской области от 22.10.2009 N 120/2009-ОЗ (ред. от 04.07.2024) ""О стандарте нормативной площади жилого помещения для предоставления субсидий и оказания мер социальной поддержки отдельным категориям граждан по оплате жилого помещения и коммунальных услуг на территории Московской области"" (принят постановлением Мособлдумы от 15.10.2009 N 3/92-П)","п.3, 4, 5 Распоряжения Министерства жилищно-коммунального хозяйства московской области от 20.12.2019 №736-РВ ""Об утверждении нормативов потребления коммунальной услуги по электроснабжению в индивидуальных жилых домах""","7,36 м2 в месяц с чел- Многоквартирные и жилые дома с централизованным холодным водоснабжением, водонагревателями, водоотведением, оборудованные унитазами, раковинами, мойками, душами и ваннами сидячими длиной 1200 мм с душем","Распоряжение Министерства ЖКХ МО от 20.10.2020 N 386-РВ ""Об утверждении нормативов потребления коммунальных услуг по холодному (горячему) водоснабжению, водоотведению в жилых помещениях на территории Московской области"". В жилых домах: Многоквартирные и жилые дома с централизованным холодным и горячим водоснабжением, водоотведением, оборудованные унитазами, раковинами, мойками, ваннами длиной 1500-1550 мм с душем - 3,17; Многоквартирные и жилые дома с централизованным холодным и горячим водоснабжением, водоотведением, оборудованные унитазами, раковинами, мойками, ваннами длиной 1650-1700мм с душем – 3,23; Многоквартирные и жилые дома с централизованным холодным и горячим водоснабжением, водоотведением, оборудованные унитазами, раковинами, мойками, душем - 2,57;   Многоквартирные и жилые дома с централизованным холодным водоснабжением, водоотведением, оборудованные унитазами, мойками - 1,72; Дома, использующиеся в качестве общежитий, оборудованные мойками, раковинами, унитазами, с душевыми с централизованным холодным и горячим водоснабжением, водоотведением – 1,87.",,,"Стандарт нормативной площади жилого помещения в соответствии с Законом Московской области от 22.10.2009 N 120/2009-ОЗ (ред. от 04.07.2024) ""О стандарте нормативной площади жилого помещения для предоставления субсидий и оказания мер социальной поддержки отдельным категориям граждан по оплате жилого помещения и коммунальных услуг на территории Московской области"" (принят постановлением Мособлдумы от 15.10.2009 N 3/92-П)","Распоряжение Министерства ЖКХ МО от 20.09.2021 №431-РВ ""Об утверждении нормативов накопления твёрдых коммунальных отходов на территории Московской области"". Годовой норматив накопления отходов в многоквартирных домах: твердые коммунальные отходы за исключением крупногабаритных отходов - 0,086 куб.м. на кв.м.",
Окружное управление социального развития №22,,"Стандарт нормативной площади жилого помещения в соответствии с Законом Московской области от 22.10.2009 N 120/2009-ОЗ (ред. от 04.07.2024) ""О стандарте нормативной площади жилого помещения для предоставления субсидий и оказания мер социальной поддержки отдельным категориям граждан по оплате жилого помещения и коммунальных услуг на территории Московской области"" (принят постановлением Мособлдумы от 15.10.2009 N 3/92-П)","п.3, 4, 5 Распоряжения Министерства жилищно-коммунального хозяйства московской области от 20.12.2019 №736-РВ ""Об утверждении нормативов потребления коммунальной услуги по электроснабжению в индивидуальных жилых домах""","Распоряжение Министерства ЖКХ МО от 20.10.2020 N 386-РВ
""Об утверждении нормативов потребления коммунальных услуг по холодному (горячему) водоснабжению, водоотведению в жилых помещениях на территории Московской области""
","Распоряжение Министерства ЖКХ МО от 20.10.2020 N 386-РВ ""Об утверждении нормативов потребления коммунальных услуг по холодному (горячему) водоснабжению, водоотведению в жилых помещениях на территории Московской области""",,,"Стандарт нормативной площади жилого помещения в соответствии с Законом Московской области от 22.10.2009 N 120/2009-ОЗ (ред. от 04.07.2024) ""О стандарте нормативной площади жилого помещения для предоставления субсидий и оказания мер социальной поддержки отдельным категориям граждан по оплате жилого помещения и коммунальных услуг на территории Московской области"" (принят постановлением Мособлдумы от 15.10.2009 N 3/92-П)","Распоряжение Министерства ЖКХ МО от 20.09.2021 №431-РВ ""Об утверждении нормативов накопления твёрдых коммунальных отходов на территории Московской области"". Годовой норматив накопления отходов в многоквартирных домах: твердые коммунальные отходы за исключением крупногабаритных отходов - 0,086 куб.м. на кв.м.",
Окружное управление социального развития №23,"0,021Гкал/м. кв., 0,017 Гкал/м.кв.","Стандарт нормативной площади жилого помещения в соответствии с Законом Московской области от 22.10.2009 N 120/2009-ОЗ (ред. от 04.07.2024) ""О стандарте нормативной площади жилого помещения для предоставления субсидий и оказания мер социальной поддержки отдельным категориям граждан по оплате жилого помещения и коммунальных услуг на территории Московской области"" (принят постановлением Мособлдумы от 15.10.2009 N 3/92-П)","п.3, 4, 5 Распоряжения Министерства жилищно-коммунального хозяйства московской области от 20.12.2019 №736-РВ ""Об утверждении нормативов потребления коммунальной услуги по электроснабжению в индивидуальных жилых домах""","Распоряжение Министерства ЖКХ МО от 20.10.2020 N 386-РВ
 ""Об утверждении нормативов потребления коммунальных услуг по холодному (горячему) водоснабжению, водоотведению в жилых помещениях на территории Московской области""","Распоряжение Министерства ЖКХ МО от 20.10.2020 N 386-РВ
 ""Об утверждении нормативов потребления коммунальных услуг по холодному (горячему) водоснабжению, водоотведению в жилых помещениях на территории Московской области""","Распоряжение №333-РВ от 20.06.2019 ""Об утверждении нормативов расхода тепловой энергии, используемой на подогрев холодной воды в целях предоставления коммунальной услуги по горячему водоснабжению, на территории Дмитровского городского округа Московской области"".",,"Стандарт нормативной площади жилого помещения в соответствии с Законом Московской области от 22.10.2009 N 120/2009-ОЗ (ред. от 04.07.2024) ""О стандарте нормативной площади жилого помещения для предоставления субсидий и оказания мер социальной поддержки отдельным категориям граждан по оплате жилого помещения и коммунальных услуг на территории Московской области"" (принят постановлением Мособлдумы от 15.10.2009 N 3/92-П)","Распоряжение Министерства ЖКХ МО от 20.09.2021 №431-РВ ""Об утверждении нормативов накопления твёрдых коммунальных отходов на территории Московской области""",
Окружное управление социального развития №24,"постановление главы г.о. Дубна Московской области от 17.11.2009 № 84-ПГ "" Об утверждении нормативов отопления жилых домов на территории г.Дубны"": 0.013 Гкал/кв.м в мес на кв.в домах, введенных в эксплуатацию после 2000 года; 0.016 -в домах 4-х и 5-и этажных;0.017- в домах 9-этажных и выше; 0.019- в домах 2-х и 3-х этажных; 0.023-в домах финско-рижского массива. Постановление главы Талдомского муниципального района Московской области от 25.11.2008 №4473 ""О нормативах потребления коммунальных услуг населением Талдомского муниципального района"" - 0,021 Гкал/кв.м.","Стандарт нормативной площади жилого помещения в соответствии с Законом Московской области от 22.10.2009 N 120/2009-ОЗ (ред. от 04.07.2024) ""О стандарте нормативной площади жилого помещения для предоставления субсидий и оказания мер социальной поддержки отдельным категориям граждан по оплате жилого помещения и коммунальных услуг на территории Московской области"" (принят постановлением Мособлдумы от 15.10.2009 N 3/92-П):                                                                                                                                                                                                                                               Для одиноко проживающих граждан размер стандарта в размере 
42 кв. метров общей площади жилого помещения,
21 кв. метра - на каждого члена семьи, состоящей из двух человек,
18 кв. метров - на каждого члена семьи, состоящей из трех и более человек, 
но не более фактического размера занимаемой ими общей площади жилого помещения.                                                                                                                                                                                                                                                постановление главы г.о. Дубна Московской области от 17.11.2009 № 84-ПГ "" Об утверждении нормативов отопления жилых домов на территории г.Дубны"": 0.013 Гкал/кв.м в мес на кв.в домах, введенных в эксплуатацию после 2000 года; 0.016 -в домах 4-х и 5-и этажных;0.017- в домах 9-этажных и выше; 0.019- в домах 2-х и 3-х этажных; 0.023-в домах финско-рижского массива. Постановление главы Талдомского муниципального района Московской области от 25.11.2008 №4473 ""О нормативах потребления коммунальных услуг населением Талдомского муниципального района"" - 0,021 Гкал/кв.м.","Распоряжение Министерства жилищно-коммунального хозяйства московской области от 20.12.2019 №736-РВ ""Об утверждении нормативов потребления коммунальной услуги по электроснабжению в индивидуальных жилых домах"": п.3, 4, 5: (кВтч в месяц на человека)                                                                                                                                                                                                  
3.Индивидуальные жилые дома, не оборудованные стационарными электроплитами, но оборудованные в установленном порядке электроотопительными и (или) электронагревательными установками для целей горячего водоснабжения, в отопительный период
Кол-во комнат/
кол-во человек 
      1          2         3      4       5
 1  334    207    160   130   113 
 2  431    267    207   168   146 
 3  487    302    234   190   166
>4 527    327    253   206   179

4. Индивидуальные жилые дома, не оборудованные стационарными электроплитами, но оборудованные в установленном порядке электроотопительными и (или) электронагревательными установками для целей горячего водоснабжения, вне отопительного периода
Кол-во комнат/
кол-во человек 
      1          2         3      4       5
 1  231    143    111     90     79
 2  298    185    143   116   101 
 3  338    209    162   132   115
>4 365    227    175   143   124

5. Индивидуальные жилые дома, оборудованные в установленном порядке стационарными электроплитами, электроотопительными и (или) электронагревательными установками для целей горячего водоснабжения  кВТЧ в мес. на человека:
Кол-во комнат/
кол-во человек 
      1          2         3      4       5
 1  342     212    164   133   116 
 2  404     250    194   157   137 
 3  441     274    212   172   150 
>4 469     291    225   183   159 
","Распоряжение Министерства ЖКХ МО от 20.10.2020 N 386-РВ
 ""Об утверждении нормативов потребления коммунальных услуг по холодному (горячему) водоснабжению, водоотведению в жилых помещениях на территории Московской области""                 В жилых домах: Многоквартирные и жилые дома с централизованным холодным и горячим водоснабжением, водоотведением, оборудованные унитазами, раковинами, мойками, ваннами длиной 1500-1550 мм с душем - 4,29; Многоквартирные и жилые дома с централизованным холодным и горячим водоснабжением, водоотведением, оборудованные унитазами, раковинами, мойками, ваннами длиной 1650-1700мм с душем – 4,33;  Многоквартирные и жилые дома с централизованным холодным водоснабжением, водонагревателями, водоотведением, оборудованные унитазами, раковинами, мойками, душами и ваннами длиной 1500-1550 мм с душем - 7,46; Многоквартирные и жилые дома с централизованным холодным водоснабжением, водонагревателями, водоотведением, оборудованные унитазами, раковинами, мойками, душами и ваннами длиной 1650-1700 мм с душем  - 7,56; Многоквартирные и жилые дома с централизованным холодным водоснабжением, водонагревателями, водоотведением, оборудованные унитазами, раковинами, мойками, душами и ваннами без душа  - 7,16; Многоквартирные и жилые дома без водонагревателей с водопроводом и канализацией, оборудованные раковинами, мойками и унитазами – 3,86.","Распоряжение Министерства ЖКХ МО от 20.10.2020 N 386-РВ ""Об утверждении нормативов потребления коммунальных услуг по холодному (горячему) водоснабжению, водоотведению в жилых помещениях на территории Московской области"" Многоквартирные и жилые дома с централизованным холодным и горячим водоснабжением, водоотведением, оборудованные унитазами, раковинами, мойками, ваннами длиной 1500-1550 мм с душем-3,17 куб. метр в месяц/чел.; многоквартирные и жилые дома с централизованным холодным и горячим водоснабжением, водоотведением, оборудованные унитазами, раковинами, мойками, ваннами длиной 1650-1700 мм с душем-3,23 куб. метр в месяц/чел. ","Распоряжение Министерства ЖКХ МО от 30.10.2020 N 422-РВ ""Об утверждении нормативов расхода тепловой энергии, используемой на подогрев холодной воды в целях предоставления коммунальной услуги по горячему водоснабжению, на территории Талдомского городского округа Московской области""С изолированными стояками 
1.1. С полотенцесушителями 0,0600

С неизолированными стояками                                                                                        2.1. С полотенцесушителями 0,0648 
2.2. Без полотенцесушителей 0,0600                                                                                                         Распоряжение Министерства ЖКХ МО от 20.06.2017 №93-РВ ""Об утверждении нормативов расхода тепловой энергии, используемой на подогрев холодной воды для предоставления коммунальной услуги по горячему водоснабжению, на территории  городского округа Дубна Московской области""  (Гкал на 1 куб. м)       С неизолированными стояками                                                                                        1. С полотенцесушителями 0,0672 
2.2. Без полотенцесушителей 0,062        
",-,"Распоряжение Министерства ЖКХ МО от 20.09.2021 N 431-РВ (ред. от 28.12.2024) ""Об утверждении нормативов накопления твердых коммунальных отходов на территории Московской области""                        
Домовладения, годовой норматив накопления отходов:                        
1. Многоквартирные дома: твердые коммунальные отходы, за исключением крупногабаритных отходов        1 кв. метр общей площади        0,086         м3
2. Многоквартирные дома: крупногабаритные отходы        1 кв. метр общей площади        0,028         м3


Распоряжение Министерства ЖКХ МО от 20.12.2019 N 735-РВ (ред. от 04.09.2023) ""Об утверждении нормативов накопления твердых коммунальных отходов для индивидуальных жилых домов на территории Московской области""                                
№        Наименование категории объектов                Площадь ИЖД, кв. м        Норматив, куб. м/кв. м        Включая КГО, куб. м/кв. м
Домовладения: 
                               
1        ИЖД        1 кв. м. площади        до 50        0,1140        0,0270
2        ИЖД        1 кв. м. площади        от 51 до 100          0,1140        0,0270
3        ИЖД        1 кв. м. площади        от 101 до 150        0,1000        0,0237
4        ИЖД        1 кв. м. площади        от 151 до 250        0,0753        0,0178
5        ИЖД        1 кв. м. площади        от 251 до 350        0,0566        0,0134
6        ИЖД        1 кв. м. площади        от 351 до 450        0,0426        0,0101
7        ИЖД        1 кв. м. площади        от 451 до 500        0,0320        0,0076
8        ИЖД        1 кв. м. площади        от 501 и более      0,0248        0,0059
",-,
Окружное управление социального развития №25,Постановление Руководителя Администрации городского поселения Высоковск от 16.12.2009 г.,Для одиноко проживающих граждан размер стандарта в размере,"Распоряжение Министерства жилищно-коммунального хозяйства Московской области от 20.12.2019 №736-РВ ""Об утверждении нормативов потребления коммунальной услуги по электроснабжению в индивидуальных жилых домах"". (кВтч в месяц на человека)                                                                                                                                                                                                  
Индивидуальные жилые дома, не оборудованные стационарными электроплитами, но оборудованные в установленном порядке электроотопительными и (или) электронагревательными установками для целей горячего водоснабжения, в отопительный период
Кол-во комнат/
кол-во человек 
      1          2         3      4       5
 1  334    207    160   130   113 
 2  431    267    207   168   146 
 3  487    302    234   190   166
>4 527    327    253   206   179

  - Индивидуальные жилые дома, не оборудованные стационарными электроплитами, но оборудованные в установленном порядке электроотопительными и (или) электронагревательными установками для целей горячего водоснабжения, вне отопительного периода
Кол-во комнат/
кол-во человек 
      1          2         3      4       5
 1  231    143    111     90     79
 2  298    185    143   116   101 
 3  338    209    162   132   115
>4 365    227    175   143   124

 -  Индивидуальные жилые дома, оборудованные в установленном порядке стационарными электроплитами, электроотопительными и (или) электронагревательными установками для целей горячего водоснабжения  кВТЧ в мес. на человека:
Кол-во комнат/
кол-во человек 
      1          2         3      4       5
 1  342     212    164   133   116 
 2  404     250    194   157   137 
 3  441     274    212   172   150 
>4 469     291    225   183   159 

","Распоряжение Министерства ЖКХ МО от 20.10.2020 N 386-РВ ""Об утверждении нормативов потребления коммунальных услуг по холодному (горячему) водоснабжению, водоотведению в жилых помещениях на территории Московской области"". В жилых домах: Многоквартирные и жилые дома с централизованным холодным и горячим водоснабжением, водоотведением, оборудованные унитазами, раковинами, мойками, ваннами длиной 1500-1550 мм с душем - 4,29; Многоквартирные и жилые дома с централизованным холодным и горячим водоснабжением, водоотведением, оборудованные унитазами, раковинами, мойками, ваннами длиной 1650-1700мм с душем – 4,33; Многоквартирные и жилые дома с централизованным холодным и горячим водоснабжением, водоотведением, оборудованные унитазами, раковинами, мойками, душем - 3,79; Многоквартирные и жилые дома с централизованным холодным водоснабжением, водонагревателями, водоотведением, оборудованные унитазами, раковинами, мойками, душами - 6,36; Многоквартирные и жилые дома с централизованным холодным водоснабжением, водонагревателями, водоотведением, оборудованные унитазами, раковинами, мойками, душами и ваннами длиной 1500-1550 мм с душем - 7,46; Многоквартирные и жилые дома с централизованным холодным водоснабжением, водонагревателями, водоотведением, оборудованные унитазами, раковинами, мойками, душами и ваннами длиной 1650-1700 мм с душем  - 7,56; Многоквартирные и жилые дома без водонагревателей с водопроводом и канализацией, оборудованные раковинами, мойками и унитазами – 3,86; Многоквартирные и жилые дома с централизованным холодным водоснабжением, водоотведением, оборудованные унитазами, мойками - 1,72; Жилые здания, имеющие статус общежития: с водопроводом и канализацией, горячим водоснабжением, мойками, раковинами, унитазами ,оборудованные общими душевыми – 3,01","Распоряжение Министерства ЖКХ МО от 20.10.2020 N 386-РВ ""Об утверждении нормативов потребления коммунальных услуг по холодному (горячему) водоснабжению, водоотведению в жилых помещениях на территории Московской области"". В жилых домах: Многоквартирные и жилые дома с централизованным холодным и горячим водоснабжением, водоотведением, оборудованные унитазами, раковинами, мойками, ваннами длиной 1500-1550 мм с душем - 3,17; Многоквартирные и жилые дома с централизованным холодным и горячим водоснабжением, водоотведением, оборудованные унитазами, раковинами, мойками, ваннами длиной 1650-1700мм с душем – 3,23; Многоквартирные и жилые дома с централизованным холодным и горячим водоснабжением, водоотведением, оборудованные унитазами, раковинами, мойками, душем - 2,57;   Многоквартирные и жилые дома с централизованным холодным водоснабжением, водоотведением, оборудованные унитазами, мойками - 1,72; Дома, использующиеся в качестве общежитий, оборудованные мойками, раковинами, унитазами, с душевыми с централизованным холодным и горячим водоснабжением, водоотведением – 1,87.","Нормативы расхода тепловой энергии, используемые на подогрев воды, утвержденные Распоряжением Министерства ЖКХ МО от 20.10.2020 N 382-РВ ""Об утверждении нормативов расхода тепловой энергии, используемой на подогрев холодной воды в целях предоставления коммунальной услуги по горячему водоснабжению, на территории Рузского городского округа Московской области"" :
закрытая система горячего водоснабжения без наружной сети горячего водоснабжения с неизолированными стояками:
С полотенцесушителями - 0,0648 Гкал на 1 м3
Без полотенцесушителей -0,0600 Гкал на 1 м3
Нормативы расхода тепловой энергии, используемые на подогрев воды, утвержденные Распоряжением Министерства ЖКХ МО от 21.10.2020 N 405-РВ ""Об утверждении нормативов расхода тепловой энергии, используемой на подогрев холодной воды в целях предоставления коммунальной услуги по горячему водоснабжению, на территории Наро-Фоминского городского округа Московской области""                                                                                                                              закрытая система горячего водоснабжения без наружной сети горячего водоснабжения с изолированными стойками:                                                                                                                                                          с полотенцесушителями - 0,0599 Гкал на 1 м3
открытая система горячего водоснабжениябез наружной сети горячего водоснабжения с неизолированными стояками:
С полотенцесушителями - 0,0648 Гкал на 1 м3
Без полотенцесушителями -0,0599 Гкал на 1 м3
закрытая система горячего водоснабжения без наружной сети горячего водоснабжения с неизолированными стояками:
С полотенцесушителями - 0,0648 Гкал на 1 м3
Без полотенцесушителями -0,0599 Гкал на 1 м3
 Нормативы расхода тепловой энергии, используемые на подогрев воды, утвержденные Распоряжением Министерства ЖКХ МО от 21.10.2020 N 399-РВ ""Об утверждении норматива расхода тепловой энергии, используемой на подогрев холодной воды в целях предоставления коммунальной услуги по горячему водоснабжению, на территории ЗАТО городского округа Молодежный Московской области""                                                                                                                              закрытая система горячего водоснабжения без наружной сети горячего водоснабжения с неизолированными стойками:                                                                                                                                                          с полотенцесушителями - 0,0648 Гкал на 1 м3                                                                                                                                                                                           Нормативы расхода тепловой энергии, используемые на подогрев воды, утвержденные  Распоряжением Министерства ЖКХ МО от 20.09.2021 N 434-РВ ""Об утверждении нормативов расхода тепловой энергии, используемой на подогрев холодной воды в целях предоставления коммунальной услуги по горячему водоснабжению, на территории Можайского городского округа Московской области"" 
открытая система горячего водоснабжения без наружной сети горячего водоснабжения с изолированными стойками:                                                                                                                                                          с полотенцесушителями - 0,0603 Гкал на 1 м3
закрытая система горячего водоснабжения без наружной сети горячего водоснабжения с изолированными стояками:
С полотенцесушителями - 0,0603 Гкал на 1 м3                                                                                                                                                                                               открытая система горячего водоснабжения без наружной сети горячего водоснабжения с неизолированными стояками:
С полотенцесушителями - 0,0624 Гкал на 1 м3
закрытая система горячего водоснабжения без наружной сети горячего водоснабжения с неизолированными стояками:
С полотенцесушителями - 0,0624 Гкал на 1 м3
",,"Распоряжение Министерства жилищно-коммунального хозяйства Московской области от 20.09.2021 № 431-РВ (для МКД). Нормативы накопления твердых коммунальных отходов, за исключением крупногабаритных отходов (1 кв. метр общей площади)-0,086 м3;  крупногабаритные отходы (1 кв. метр общей площади)-0,028 м3.                                                                                            Распоряжение Министерства ЖКХ МО от 20.12.2019 N 735-РВ (ред. от 04.09.2023) ""Об утверждении нормативов накопления твердых коммунальных отходов для индивидуальных жилых домов на территории Московской области"".                                                                                              Нормативы накопления твердых коммунальных отходов:
                            кв. м                  куб. м/кв. м    куб. м/кв. м
1        ИЖС         до 50                     0,1140           0,0270
2        ИЖС         от 51 до 100         0,1140           0,0270
3        ИЖС         от 101 до 150       0,1000           0,0237
4        ИЖС         от 151 до 250       0,0753           0,0178
5        ИЖС         от 251 до 350       0,0566           0,0134
6        ИЖС         от 351 до 450       0,0426           0,0101
7        ИЖС         от 451 до 500       0,0320           0,0076
8        ИЖС         от 501 и более     0,0248           0,0059",,
Окружное управление социального развития №26,нет,"1) Постановление главы г/п Пересвет от 28.11.2007 №103-п «Об утверждении нормативов потребления тепловой энергии на отопление многоквартирных домов» - 0,0195 Гкал/кв.м.
2) Постановление главы муниципального образования «Городское поселение Богородское« от 17.12.2007 № 80 «Об утверждении нормативов потребления коммунальных услуг» — 0,02 Гкал/кв.м.
3) Постановление главы городского поселения Краснозаводск Сергиево-Посадского муниципального района Московской области от 14.12.2009 № 512 «Об утверждении нормативов потребления коммунальных услуг» — 0,02 Гкал/кв.м.
4) Решение Совета депутатов городского поселения Сергиев Посад Сергиево-Посадского муниципального района Московской области от 24.12.2007 N 29/03 «О Нормативах потребления коммунальных услуг в городском поселении Сергиев Посад и установлении платы за пользование по договорам социального найма жилыми помещениями (плата за наем), расположенными в муниципальном жилом фонде городского поселения Сергиев Посад, на 2008 год»  — 0,0162 Гкал/кв.м.
5) Постановление главы городского поселения Скоропусковский Сергиево-Посадского муниципального района Московской области от 18.06.2013 г. № 106-П «Об утверждении нормативов потребления коммунальных услуг для населения сельского поселения Скоропусковский» — 0,0197 Гкал/кв.м.
6) Решение Совета депутатов городского поселения Хотьково Московской области от 29.11.2007 № 19/6-07 «Об утверждении нормативов потребления коммунальных услуг, оказываемых на территории городского поселения Хотьково с 2008 года» -  0,02 Гкал/кв.м. 
7) Постановление главы сельского поселения Березняковское Сергиево-Посадского муниципального района Московской области от 15.02.2010 № 168 «О нормативах потребления жилищно-коммунальных услуг, оказываемых на территории сельского поселения Березняковское с 1 января 2010 года» - 0,02 Гкал/кв.м.  
8) Постановление главы муниципального образования сельское поселение «Васильевское» Сергиево-Посадского муниципального района Московской области от 31.12.2009 № 75 «Об утверждении нормативов потребления коммунальных услуг» — 0,0195 Гкал/кв.м.
9) Постановление главы сельского поселения Лозовское Сергиево-Посадского муниципального района Московской области от 12.12.2009 № 159 «Об утверждении нормативов потребления коммунальных услуг для населения сельского поселения Лозовское» — 0,0185 Гкал/кв.м.
10) Постановление главы сельского поселения Реммаш Сергиево-Посадского муниципального района Московской области от 30.12.2009 № 208 «Об утверждении нормативов потребления коммунальных услуг для населения сельского поселения Реммаш» — 0,018 Гкал/кв.м.
11) Постановление главы сельского поселения Селковское Сергиево-Посадского муниципального района Московской области от 28.12.2009 № 1491 «Об утверждении нормативов потребления коммунальных услуг» — 0,018 Гкал/кв.м.
12) Постановление главы администрации сельского поселения Шеметовское Сергиево-Посадского муниципального района Московской области от 17.01.2012 № 11 «Об утверждении нормативов потребления коммунальных услуг» — 0,018 Гкал/кв.м.","Распоряжение Министерства жилищно-коммунального хозяйства московской области от 20.12.2019 №736-РВ ""Об утверждении нормативов потребления коммунальной услуги по электроснабжению в индивидуальных жилых домах""","Распоряжение Министерства ЖКХ МО от 20.10.2020 N 386-РВ ""Об утверждении нормативов потребления коммунальных услуг по холодному (горячему) водоснабжению, водоотведению в жилых помещениях на территории Московской области""  1. Многоквартирные и жилые дома с централизованным холодным и горячим водоснабжением, водоотведением, оборудованные унитазами, раковинами, мойками, ваннами сидячими длиной 1200 мм с душем — 4,24 куб. метр в месяц на человека
2. Многоквартирные и жилые дома с централизованным холодным и горячим водоснабжением, водоотведением, оборудованные унитазами, раковинами, мойками, ваннами длиной 1500-1550 мм с душем — 4,29 куб. метр в месяц на человека
3. Многоквартирные и жилые дома с централизованным холодным и горячим водоснабжением, водоотведением, оборудованные унитазами, раковинами, мойками, ваннами длиной 1650-1700 мм с душем — 4,33 куб. метр в месяц на человека
4. Многоквартирные и жилые дома с централизованным холодным и горячим водоснабжением, водоотведением, оборудованные унитазами, раковинами, мойками, ваннами без душа — 3,02 куб. метр в месяц на человека
5. Многоквартирные и жилые дома с централизованным холодным и горячим водоснабжением, водоотведением, оборудованные унитазами, раковинами, мойками, душем — 3,79 куб. метр в месяц на человека
6. Многоквартирные и жилые дома с централизованным холодным водоснабжением, водонагревателями, водоотведением, оборудованные унитазами, раковинами, мойками, душами и ваннами сидячими длиной 1200 мм с душем — 7,36 куб. метр в месяц на человека
7. Многоквартирные и жилые дома с централизованным холодным водоснабжением, водонагревателями, водоотведением, оборудованные унитазами, раковинами, мойками, душами и ваннами длиной 1500-1550 мм с душем — 7,46 куб. метр в месяц на человека
8. Многоквартирные и жилые дома с централизованным холодным водоснабжением, водонагревателями, водоотведением, оборудованные унитазами, раковинами, мойками, душами и ваннами длиной 1650-1700 мм с душем — 7,56куб. метр в месяц на человека
9. Многоквартирные и жилые дома с централизованным холодным водоснабжением, водонагревателями, водоотведением, оборудованные унитазами, раковинами, мойками, душами и ваннами без душа — 7,16 куб. метр в месяц на человека
10. Многоквартирные и жилые дома с централизованным холодным водоснабжением, водонагревателями, водоотведением, оборудованные унитазами, раковинами, мойками, душами — 6,36 куб. метр в месяц на человека
11. Многоквартирные и жилые дома без водонагревателей с водопроводом и канализацией, оборудованные раковинами, мойками и унитазами — 3,86 куб. метр в месяц на человека
12. Многоквартирные и жилые дома без водонагревателей с централизованным холодным водоснабжением и водоотведением, оборудованные раковинами и мойками — 3,15 куб. метр в месяц на человека
13.1. Многоквартирные и жилые дома с централизованным холодным водоснабжением, без централизованного водоотведения, оборудованные умывальниками, мойками, унитазами, ваннами сидячими длиной 1200 мм, душами — 5,22 куб. метр в месяц на человека
13.2. Многоквартирные и жилые дома с централизованным холодным водоснабжением, без централизованного водоотведения, оборудованные умывальниками, мойками, унитазами, ваннами длиной 1500-1550 мм, душами — 5,32 куб. метр в месяц на человека
13.3. Многоквартирные и жилые дома с централизованным холодным водоснабжением, без централизованного водоотведения, оборудованные умывальниками, мойками, унитазами, ваннами длиной 1650-1700 мм, душами — 5,42 куб. метр в месяц на человека
13.4. Многоквартирные и жилые дома с централизованным холодным водоснабжением, без централизованного водоотведения, оборудованные умывальниками, мойками, унитазами, ваннами без душа — 2,52 куб. метр в месяц на человека
14. Многоквартирные и жилые дома с централизованным холодным водоснабжением, без централизованного водоотведения, оборудованные умывальниками, мойками, унитазами — 1,72 куб. метр в месяц на человека
15. Многоквартирные и жилые дома с водоразборной колонкой — 1,22 куб. метр в месяц на человека
16. Дома, использующиеся в качестве общежитий, оборудованные мойками, раковинами, унитазами, с душевыми с централизованным холодным и горячим водоснабжением, водоотведением — 3,01 куб. метр в месяц на человека
17. Многоквартирные и жилые дома с централизованным холодным водоснабжением, оборудованные умывальниками, мойками — 1,01 куб. метр в месяц на человека
18. Многоквартирные и жилые дома с централизованным холодным и горячим водоснабжением, водоотведением, оборудованные унитазами, раковинами, мойками — 2,66
куб. метр в месяц на человека
19. Многоквартирные и жилые дома с централизованным холодным водоснабжением, водоотведением, оборудованные унитазами, мойками — 1,72 куб. метр в месяц на человека
20. Многоквартирные и жилые дома с централизованным холодным водоснабжением, водоотведением с водонагревателями, оборудованные умывальниками, мойками, унитазами — 1,72 куб. метр в месяц на человека
21. Дома, использующиеся в качестве общежитий, с централизованным холодным водоснабжением и водоотведением, с водонагревателями, оборудованные мойками, раковинами, унитазами, с душевыми — 4,88 куб. метр в месяц на человека
22. Дома, использующиеся в качестве общежитий, с централизованным холодным водоснабжением и водоотведением, оборудованные мойками, раковинами, унитазами — 3,18
куб. метр в месяц на человека
","Распоряжение Министерства ЖКХ МО от 20.10.2020 N 386-РВ ""Об утверждении нормативов потребления коммунальных услуг по холодному (горячему) водоснабжению, водоотведению в жилых помещениях на территории Московской области""  

1. Многоквартирные и жилые дома с централизованным холодным и горячим водоснабжением, водоотведением, оборудованные унитазами, раковинами, мойками, ваннами сидячими длиной 1200 мм с душем - 3,12
куб. метр в месяц на человека
2. Многоквартирные и жилые дома с централизованным холодным и горячим водоснабжением, водоотведением, оборудованные унитазами, раковинами, мойками, ваннами длиной 1500-1550 мм с душем - 3,17 куб. метр в месяц на человека
3. Многоквартирные и жилые дома с централизованным холодным и горячим водоснабжением, водоотведением, оборудованные унитазами, раковинами, мойками, ваннами длиной 1650-1700 мм с душем - 3,23 куб. метр в месяц на человека
4. Многоквартирные и жилые дома с централизованным холодным и горячим водоснабжением, водоотведением, оборудованные унитазами, раковинами, мойками, ваннами без душа - 1,64 куб. метр в месяц на человека
5. Многоквартирные и жилые дома с централизованным холодным и горячим водоснабжением, водоотведением, оборудованные унитазами, раковинами, мойками, душем - 2,57 куб. метр в месяц на человека
16. Дома, использующиеся в качестве общежитий, оборудованные мойками, раковинами, унитазами, с душевыми с централизованным холодным и горячим водоснабжением, водоотведением - 1,87 куб. метр в месяц на человека
18. Многоквартирные и жилые дома с централизованным холодным и горячим водоснабжением, водоотведением, оборудованные унитазами, раковинами, мойками - 1,20 куб. метр в месяц на человека


","Распоряжение Министерства ЖКХ МО от 20.11.2018 N 343-РВ ""Об утверждении нормативов расхода тепловой энергии, используемой на подогрев холодной воды в целях предоставления коммунальной услуги по горячему водоснабжению, на территории городских поселений Сергиев Посад, Богородское, Хотьково, сельских поселений Березняковское, Васильевское, Лозовское, Реммаш, Селковское, Шеметовское Сергиево-Посадского муниципального района Московской области""С изолированными стояками 
1.1. С полотенцесушителями 0,0599
1.2. Без полотенцесушителей 0,0549
С неизолированными стояками                                                                                        2.1. С полотенцесушителями 0,0649 
2.2. Без полотенцесушителей 0,0599
Распоряжение Министерства ЖКХ МО от 20.06.2019 N 336-РВ ""Об утверждении нормативов расхода тепловой энергии, используемой на подогрев холодной воды в целях предоставления коммунальной услуги по горячему водоснабжению, на территории городского поселения Скоропусковский городского округа Сергиев Посад Московской области""
 1.1. С полотенцесушителями 0,0649 
1.2. Без полотенцесушителей 0,0601 
Распоряжение Министерства ЖКХ МО от 20.09.2021 N 432-РВ ""Об утверждении нормативов расхода тепловой энергии, используемой на подогрев холодной воды в целях предоставления коммунальной услуги по горячему водоснабжению, на территории города Пересвет, города Краснозаводск Сергиево-Посадского городского округа Московской области"" 
С изолированными стояками 
1.1. С полотенцесушителями 0,0600 
С неизолированными стояками 
2.1. С полотенцесушителями 0,0649 
2.2. Без полотенцесушителей 0,0600 ",нет,"Распоряжение Министерства ЖКХ МО от 20.09.2021 N 431-РВ ""Об утверждении нормативов накопления твердых коммунальных отходов на территории Московской области""                                                         2.1. Многоквартирные дома: твердые коммунальные отходы, за исключением крупногабаритных отходов 0,086                                             2.2 Многоквартирные дома: крупногабаритные отходы 0,028 ",нет,
Окружное управление социального развития №27,"Норматив расхода тепловой энергии на подогрев 1 куб. м воды Гкал/куб. м  0,0603  Постановлением администрации Пушкинского муниципального района МО от 11.12.2012 N 3777(ред. от 07.03.2024)""О внесении изменений в постановление администрации Пушкинского муниципального района от 03.12.2009 N 3475 ""Об утверждении и введении в действие размера платы за содержание и ремонт жилых помещений гражданами городских и сельских поселений Пушкинского муниципального района""(вместе с ""Нормативами потребления коммунальных услуг для граждан Пушкинского муниципального района"")
НОРМАТИВЫ ПОТРЕБЛЕНИЯ КОММУНАЛЬНЫХ УСЛУГ ДЛЯ НАСЕЛЕНИЯ Г. ИВАНТЕЕВКИ НА 2010 ГОД: Теплоэнергия на отопление в жилых домах с централизованными системами теплоснабжения Гкал/кв. м общ. пл. 0,0153 Постановлением главы городского округа Ивантеевка МО от 22.12.2009 N 2128(ред. от 07.03.2024) ""Об установлении размера платы за жилое помещение и коммунальные услуги для населения на 2010 год""
","Норматив отопления: в жилых домах с централизованными системами теплоснабжения  Гкал. на кв. м общей площади жилых помещений   0,0158  Постановлением администрации Пушкинского муниципального района МО от 11.12.2012 N 3777(ред. от 07.03.2024)""О внесении изменений в постановление администрации Пушкинского муниципального района от 03.12.2009 N 3475 ""Об утверждении и введении в действие размера платы за содержание и ремонт жилых помещений гражданами городских и сельских поселений Пушкинского муниципального района""(вместе с ""Нормативами потребления коммунальных услуг для граждан Пушкинского муниципального района"")",нет НПА,нет НПА,нет НПА,нет НПА,"НОРМЫ НАКОПЛЕНИЯ ТВЕРДЫХ БЫТОВЫХ ОТХОДОВ ДЛЯ НАСЕЛЕНИЯ Г. ИВАНТЕЕВКИ НА 2010 ГОД: Вывоз твердых бытовых отходов для населения, проживающего в домах частного сектора куб. м/чел. 0,165 Постановлением главы городского округа Ивантеевка МО от 22.12.2009 N 2128(ред. от 07.03.2024) ""Об установлении размера платы за жилое помещение и коммунальные услуги для населения на 2010 год""","НОРМЫ НАКОПЛЕНИЯ ТВЕРДЫХ БЫТОВЫХ ОТХОДОВ ДЛЯ НАСЕЛЕНИЯ Г. ИВАНТЕЕВКИ НА 2010 ГОД: Вывоз твердых бытовых отходов для населения, проживающего в многоквартирных жилых домах куб. м кв. м общ. пл. 0,00857 Постановлением главы городского округа Ивантеевка МО от 22.12.2009 N 2128 (ред. от 07.03.2024) ""Об установлении размера платы за жилое помещение и коммунальные услуги для населения на 2010 год""",нет НПА,